0 verbose cli /usr/local/bin/node /usr/local/bin/npm
1 info using npm@11.9.0
2 info using node@v24.14.0
3 silly config load:file:/usr/local/lib/node_modules/npm/npmrc
4 silly config load:file:/Users/shoheikaneko/Desktop/antigravity_かね将ポータル/.npmrc
5 silly config load:file:/Users/shoheikaneko/.npmrc
6 silly config load:file:/usr/local/etc/npmrc
7 verbose title npm install firebase-admin
8 verbose argv "install" "firebase-admin" "--cache" "./npm-cache"
9 verbose logfile logs-max:10 dir:/Users/shoheikaneko/Desktop/antigravity_かね将ポータル/npm-cache/_logs/2026-06-01T05_03_06_784Z-
10 verbose logfile /Users/shoheikaneko/Desktop/antigravity_かね将ポータル/npm-cache/_logs/2026-06-01T05_03_06_784Z-debug-0.log
11 silly logfile done cleaning log files
12 silly packumentCache heap:4496293888 maxSize:1124073472 maxEntrySize:562036736
13 silly idealTree buildDeps
14 silly fetch manifest firebase-admin@*
15 silly packumentCache full:https://registry.npmjs.org/firebase-admin cache-miss
16 http fetch GET 200 https://registry.npmjs.org/npm 130ms
17 http fetch GET 200 https://registry.npmjs.org/firebase-admin 131ms (cache miss)
18 silly packumentCache full:https://registry.npmjs.org/firebase-admin set size:undefined disposed:false
19 silly placeDep ROOT firebase-admin@13.10.0 OK for: kanesho-portal-backend@1.0.0 want: *
20 silly fetch manifest @fastify/busboy@^3.0.0
21 silly packumentCache full:https://registry.npmjs.org/@fastify%2fbusboy cache-miss
22 silly fetch manifest @firebase/database-compat@^2.0.0
23 silly packumentCache full:https://registry.npmjs.org/@firebase%2fdatabase-compat cache-miss
24 silly fetch manifest @firebase/database-types@^1.0.6
25 silly packumentCache full:https://registry.npmjs.org/@firebase%2fdatabase-types cache-miss
26 silly fetch manifest farmhash-modern@^1.1.0
27 silly packumentCache full:https://registry.npmjs.org/farmhash-modern cache-miss
28 silly fetch manifest fast-deep-equal@^3.1.1
29 silly packumentCache full:https://registry.npmjs.org/fast-deep-equal cache-miss
30 silly fetch manifest google-auth-library@^10.6.1
31 silly packumentCache full:https://registry.npmjs.org/google-auth-library cache-miss
32 silly fetch manifest jsonwebtoken@^9.0.0
33 silly packumentCache full:https://registry.npmjs.org/jsonwebtoken cache-miss
34 http fetch GET 200 https://registry.npmjs.org/@fastify%2fbusboy 45ms (cache miss)
35 silly packumentCache full:https://registry.npmjs.org/@fastify%2fbusboy set size:undefined disposed:false
36 silly fetch manifest jwks-rsa@^3.1.0
37 silly packumentCache full:https://registry.npmjs.org/jwks-rsa cache-miss
38 http fetch GET 200 https://registry.npmjs.org/farmhash-modern 61ms (cache miss)
39 silly packumentCache full:https://registry.npmjs.org/farmhash-modern set size:undefined disposed:false
40 silly fetch manifest @google-cloud/firestore@^7.11.0
41 silly packumentCache full:https://registry.npmjs.org/@google-cloud%2ffirestore cache-miss
42 http fetch GET 200 https://registry.npmjs.org/fast-deep-equal 70ms (cache miss)
43 silly packumentCache full:https://registry.npmjs.org/fast-deep-equal set size:undefined disposed:false
44 silly fetch manifest @google-cloud/storage@^7.19.0
45 silly packumentCache full:https://registry.npmjs.org/@google-cloud%2fstorage cache-miss
46 http fetch GET 200 https://registry.npmjs.org/jsonwebtoken 90ms (cache miss)
47 silly packumentCache full:https://registry.npmjs.org/jsonwebtoken set size:undefined disposed:false
48 http fetch GET 200 https://registry.npmjs.org/jwks-rsa 47ms (cache miss)
49 silly packumentCache full:https://registry.npmjs.org/jwks-rsa set size:undefined disposed:false
50 http fetch GET 200 https://registry.npmjs.org/google-auth-library 111ms (cache miss)
51 silly packumentCache full:https://registry.npmjs.org/google-auth-library set size:undefined disposed:false
52 http fetch GET 200 https://registry.npmjs.org/@google-cloud%2ffirestore 94ms (cache miss)
53 silly packumentCache full:https://registry.npmjs.org/@google-cloud%2ffirestore set size:undefined disposed:false
54 http fetch GET 200 https://registry.npmjs.org/@google-cloud%2fstorage 114ms (cache miss)
55 silly packumentCache full:https://registry.npmjs.org/@google-cloud%2fstorage set size:undefined disposed:false
56 http fetch GET 200 https://registry.npmjs.org/@firebase%2fdatabase-compat 287ms (cache miss)
57 silly packumentCache full:https://registry.npmjs.org/@firebase%2fdatabase-compat set size:undefined disposed:false
58 http fetch GET 200 https://registry.npmjs.org/@firebase%2fdatabase-types 387ms (cache miss)
59 silly packumentCache full:https://registry.npmjs.org/@firebase%2fdatabase-types set size:undefined disposed:false
60 silly placeDep ROOT @fastify/busboy@3.2.0 OK for: firebase-admin@13.10.0 want: ^3.0.0
61 silly placeDep ROOT @firebase/database-compat@2.1.4 OK for: firebase-admin@13.10.0 want: ^2.0.0
62 silly placeDep ROOT @firebase/database-types@1.0.20 OK for: firebase-admin@13.10.0 want: ^1.0.6
63 silly placeDep ROOT @google-cloud/firestore@7.11.6 OK for: firebase-admin@13.10.0 want: ^7.11.0
64 silly placeDep ROOT @google-cloud/storage@7.19.0 OK for: firebase-admin@13.10.0 want: ^7.19.0
65 silly placeDep ROOT farmhash-modern@1.1.0 OK for: firebase-admin@13.10.0 want: ^1.1.0
66 silly placeDep ROOT fast-deep-equal@3.1.3 OK for: firebase-admin@13.10.0 want: ^3.1.1
67 silly placeDep ROOT google-auth-library@10.6.2 OK for: firebase-admin@13.10.0 want: ^10.6.1
68 silly placeDep ROOT jsonwebtoken@9.0.3 OK for: firebase-admin@13.10.0 want: ^9.0.0
69 silly placeDep ROOT jwks-rsa@3.2.2 OK for: firebase-admin@13.10.0 want: ^3.1.0
70 silly fetch manifest tslib@^2.1.0
71 silly packumentCache full:https://registry.npmjs.org/tslib cache-miss
72 silly fetch manifest @firebase/util@1.15.1
73 silly packumentCache full:https://registry.npmjs.org/@firebase%2futil cache-miss
74 silly fetch manifest @firebase/logger@0.5.1
75 silly packumentCache full:https://registry.npmjs.org/@firebase%2flogger cache-miss
76 silly fetch manifest @firebase/database@1.1.3
77 silly packumentCache full:https://registry.npmjs.org/@firebase%2fdatabase cache-miss
78 silly fetch manifest @firebase/component@0.7.3
79 silly packumentCache full:https://registry.npmjs.org/@firebase%2fcomponent cache-miss
80 silly fetch manifest @firebase/database-types@1.0.20
81 silly packumentCache full:https://registry.npmjs.org/@firebase%2fdatabase-types cache-miss
82 silly fetch manifest @firebase/util@1.15.1
83 silly packumentCache full:https://registry.npmjs.org/@firebase%2futil cache-miss
84 http cache https://registry.npmjs.org/@firebase%2fdatabase-types 28ms (cache hit)
85 silly packumentCache full:https://registry.npmjs.org/@firebase%2fdatabase-types set size:9140382 disposed:false
86 silly fetch manifest @firebase/app-types@0.9.5
87 silly packumentCache full:https://registry.npmjs.org/@firebase%2fapp-types cache-miss
88 http fetch GET 200 https://registry.npmjs.org/tslib 90ms (cache miss)
89 silly packumentCache full:https://registry.npmjs.org/tslib set size:undefined disposed:false
90 silly fetch manifest google-gax@^4.3.3
91 silly packumentCache full:https://registry.npmjs.org/google-gax cache-miss
92 http fetch GET 200 https://registry.npmjs.org/google-gax 144ms (cache miss)
93 silly packumentCache full:https://registry.npmjs.org/google-gax set size:undefined disposed:false
94 silly fetch manifest protobufjs@^7.2.6
95 silly packumentCache full:https://registry.npmjs.org/protobufjs cache-miss
96 http fetch GET 200 https://registry.npmjs.org/protobufjs 62ms (cache miss)
97 silly packumentCache full:https://registry.npmjs.org/protobufjs set size:undefined disposed:false
98 silly fetch manifest @opentelemetry/api@^1.3.0
99 silly packumentCache full:https://registry.npmjs.org/@opentelemetry%2fapi cache-miss
100 http fetch GET 200 https://registry.npmjs.org/@opentelemetry%2fapi 108ms (cache miss)
101 silly packumentCache full:https://registry.npmjs.org/@opentelemetry%2fapi set size:undefined disposed:false
102 silly fetch manifest functional-red-black-tree@^1.0.1
103 silly packumentCache full:https://registry.npmjs.org/functional-red-black-tree cache-miss
104 http fetch GET 200 https://registry.npmjs.org/functional-red-black-tree 55ms (cache miss)
105 silly packumentCache full:https://registry.npmjs.org/functional-red-black-tree set size:undefined disposed:false
106 silly fetch manifest @google-cloud/paginator@^5.0.0
107 silly packumentCache full:https://registry.npmjs.org/@google-cloud%2fpaginator cache-miss
108 http fetch GET 200 https://registry.npmjs.org/@firebase%2fcomponent 493ms (cache miss)
109 silly packumentCache full:https://registry.npmjs.org/@firebase%2fcomponent set size:undefined disposed:false
110 silly fetch manifest @google-cloud/projectify@^4.0.0
111 silly packumentCache full:https://registry.npmjs.org/@google-cloud%2fprojectify cache-miss
112 http fetch GET 200 https://registry.npmjs.org/@google-cloud%2fpaginator 84ms (cache miss)
113 silly packumentCache full:https://registry.npmjs.org/@google-cloud%2fpaginator set size:undefined disposed:false
114 silly fetch manifest @google-cloud/promisify@<4.1.0
115 silly packumentCache full:https://registry.npmjs.org/@google-cloud%2fpromisify cache-miss
116 http fetch GET 200 https://registry.npmjs.org/@google-cloud%2fprojectify 52ms (cache miss)
117 silly packumentCache full:https://registry.npmjs.org/@google-cloud%2fprojectify set size:undefined disposed:false
118 silly fetch manifest abort-controller@^3.0.0
119 silly packumentCache full:https://registry.npmjs.org/abort-controller cache-miss
120 http fetch GET 200 https://registry.npmjs.org/@google-cloud%2fpromisify 51ms (cache miss)
121 silly packumentCache full:https://registry.npmjs.org/@google-cloud%2fpromisify set size:undefined disposed:false
122 silly fetch manifest async-retry@^1.3.3
123 silly packumentCache full:https://registry.npmjs.org/async-retry cache-miss
124 http fetch GET 200 https://registry.npmjs.org/abort-controller 39ms (cache miss)
125 silly packumentCache full:https://registry.npmjs.org/abort-controller set size:undefined disposed:false
126 silly fetch manifest duplexify@^4.1.3
127 silly packumentCache full:https://registry.npmjs.org/duplexify cache-miss
128 http fetch GET 200 https://registry.npmjs.org/@firebase%2flogger 647ms (cache miss)
129 silly packumentCache full:https://registry.npmjs.org/@firebase%2flogger set size:undefined disposed:false
130 silly fetch manifest fast-xml-parser@^5.3.4
131 silly packumentCache full:https://registry.npmjs.org/fast-xml-parser cache-miss
132 http fetch GET 200 https://registry.npmjs.org/async-retry 94ms (cache miss)
133 silly packumentCache full:https://registry.npmjs.org/async-retry set size:undefined disposed:false
134 silly fetch manifest gaxios@^6.0.2
135 silly packumentCache full:https://registry.npmjs.org/gaxios cache-miss
136 http fetch GET 200 https://registry.npmjs.org/duplexify 90ms (cache miss)
137 silly packumentCache full:https://registry.npmjs.org/duplexify set size:undefined disposed:false
138 silly fetch manifest google-auth-library@^9.6.3
139 silly packumentCache full:https://registry.npmjs.org/google-auth-library cache-miss
140 http cache https://registry.npmjs.org/google-auth-library 9ms (cache hit)
141 silly packumentCache full:https://registry.npmjs.org/google-auth-library set size:724318 disposed:false
142 silly fetch manifest html-entities@^2.5.2
143 silly packumentCache full:https://registry.npmjs.org/html-entities cache-miss
144 http fetch GET 200 https://registry.npmjs.org/@firebase%2futil 781ms (cache miss)
145 silly packumentCache full:https://registry.npmjs.org/@firebase%2futil set size:undefined disposed:false
146 silly fetch manifest mime@^3.0.0
147 silly packumentCache full:https://registry.npmjs.org/mime cache-miss
148 http fetch GET 200 https://registry.npmjs.org/@firebase%2futil 851ms (cache miss)
149 silly packumentCache full:https://registry.npmjs.org/@firebase%2futil set size:undefined disposed:false
150 silly fetch manifest p-limit@^3.0.1
151 silly packumentCache full:https://registry.npmjs.org/p-limit cache-miss
152 http fetch GET 200 https://registry.npmjs.org/html-entities 166ms (cache miss)
153 silly packumentCache full:https://registry.npmjs.org/html-entities set size:undefined disposed:false
154 silly fetch manifest retry-request@^7.0.0
155 silly packumentCache full:https://registry.npmjs.org/retry-request cache-miss
156 http fetch GET 200 https://registry.npmjs.org/gaxios 187ms (cache miss)
157 silly packumentCache full:https://registry.npmjs.org/gaxios set size:undefined disposed:false
158 silly fetch manifest teeny-request@^9.0.0
159 silly packumentCache full:https://registry.npmjs.org/teeny-request cache-miss
160 http fetch GET 200 https://registry.npmjs.org/mime 77ms (cache miss)
161 silly packumentCache full:https://registry.npmjs.org/mime set size:undefined disposed:false
162 silly fetch manifest uuid@^8.0.0
163 silly packumentCache full:https://registry.npmjs.org/uuid cache-miss
164 http fetch GET 200 https://registry.npmjs.org/fast-xml-parser 214ms (cache miss)
165 silly packumentCache full:https://registry.npmjs.org/fast-xml-parser set size:undefined disposed:false
166 silly fetch manifest base64-js@^1.3.0
167 silly packumentCache full:https://registry.npmjs.org/base64-js cache-miss
168 http fetch GET 200 https://registry.npmjs.org/p-limit 37ms (cache miss)
169 silly packumentCache full:https://registry.npmjs.org/p-limit set size:undefined disposed:false
170 silly fetch manifest ecdsa-sig-formatter@^1.0.11
171 silly packumentCache full:https://registry.npmjs.org/ecdsa-sig-formatter cache-miss
172 http fetch GET 200 https://registry.npmjs.org/retry-request 35ms (cache miss)
173 silly packumentCache full:https://registry.npmjs.org/retry-request set size:undefined disposed:false
174 silly fetch manifest gaxios@^7.1.4
175 silly packumentCache full:https://registry.npmjs.org/gaxios cache-miss
176 http fetch GET 200 https://registry.npmjs.org/teeny-request 36ms (cache miss)
177 silly packumentCache full:https://registry.npmjs.org/teeny-request set size:undefined disposed:false
178 silly fetch manifest gcp-metadata@8.1.2
179 silly packumentCache full:https://registry.npmjs.org/gcp-metadata cache-miss
180 http cache https://registry.npmjs.org/gaxios 10ms (cache hit)
181 silly packumentCache full:https://registry.npmjs.org/gaxios set size:345358 disposed:false
182 silly fetch manifest google-logging-utils@1.1.3
183 silly packumentCache full:https://registry.npmjs.org/google-logging-utils cache-miss
184 http fetch GET 200 https://registry.npmjs.org/base64-js 42ms (cache miss)
185 silly packumentCache full:https://registry.npmjs.org/base64-js set size:undefined disposed:false
186 silly fetch manifest jws@^4.0.0
187 silly packumentCache full:https://registry.npmjs.org/jws cache-miss
188 http fetch GET 200 https://registry.npmjs.org/ecdsa-sig-formatter 35ms (cache miss)
189 silly packumentCache full:https://registry.npmjs.org/ecdsa-sig-formatter set size:undefined disposed:false
190 silly fetch manifest ms@^2.1.1
191 silly packumentCache full:https://registry.npmjs.org/ms cache-miss
192 http fetch GET 200 https://registry.npmjs.org/uuid 56ms (cache miss)
193 silly packumentCache full:https://registry.npmjs.org/uuid set size:undefined disposed:false
194 silly fetch manifest jws@^4.0.1
195 silly packumentCache full:https://registry.npmjs.org/jws cache-miss
196 http fetch GET 200 https://registry.npmjs.org/google-logging-utils 33ms (cache miss)
197 silly packumentCache full:https://registry.npmjs.org/google-logging-utils set size:undefined disposed:false
198 silly fetch manifest semver@^7.5.4
199 silly packumentCache full:https://registry.npmjs.org/semver cache-miss
200 http fetch GET 200 https://registry.npmjs.org/gcp-metadata 47ms (cache miss)
201 silly packumentCache full:https://registry.npmjs.org/gcp-metadata set size:undefined disposed:false
202 silly fetch manifest lodash.once@^4.0.0
203 silly packumentCache full:https://registry.npmjs.org/lodash.once cache-miss
204 http fetch GET 200 https://registry.npmjs.org/jws 36ms (cache miss)
205 silly packumentCache full:https://registry.npmjs.org/jws set size:undefined disposed:false
206 silly fetch manifest lodash.includes@^4.3.0
207 silly packumentCache full:https://registry.npmjs.org/lodash.includes cache-miss
208 http fetch GET 200 https://registry.npmjs.org/ms 34ms (cache miss)
209 silly packumentCache full:https://registry.npmjs.org/ms set size:undefined disposed:false
210 silly fetch manifest lodash.isnumber@^3.0.3
211 silly packumentCache full:https://registry.npmjs.org/lodash.isnumber cache-miss
212 http fetch GET 200 https://registry.npmjs.org/jws 40ms (cache miss)
213 silly packumentCache full:https://registry.npmjs.org/jws set size:undefined disposed:false
214 silly fetch manifest lodash.isstring@^4.0.1
215 silly packumentCache full:https://registry.npmjs.org/lodash.isstring cache-miss
216 http fetch GET 200 https://registry.npmjs.org/@firebase%2fapp-types 961ms (cache miss)
217 silly packumentCache full:https://registry.npmjs.org/@firebase%2fapp-types set size:undefined disposed:false
218 silly fetch manifest lodash.isboolean@^3.0.3
219 silly packumentCache full:https://registry.npmjs.org/lodash.isboolean cache-miss
220 http fetch GET 200 https://registry.npmjs.org/lodash.once 73ms (cache miss)
221 silly packumentCache full:https://registry.npmjs.org/lodash.once set size:undefined disposed:false
222 silly fetch manifest lodash.isinteger@^4.0.4
223 silly packumentCache full:https://registry.npmjs.org/lodash.isinteger cache-miss
224 http fetch GET 200 https://registry.npmjs.org/lodash.isnumber 69ms (cache miss)
225 silly packumentCache full:https://registry.npmjs.org/lodash.isnumber set size:undefined disposed:false
226 silly fetch manifest lodash.isplainobject@^4.0.6
227 silly packumentCache full:https://registry.npmjs.org/lodash.isplainobject cache-miss
228 http fetch GET 200 https://registry.npmjs.org/lodash.includes 74ms (cache miss)
229 silly packumentCache full:https://registry.npmjs.org/lodash.includes set size:undefined disposed:false
230 silly fetch manifest jose@^4.15.4
231 silly packumentCache full:https://registry.npmjs.org/jose cache-miss
232 http fetch GET 200 https://registry.npmjs.org/lodash.isstring 58ms (cache miss)
233 silly packumentCache full:https://registry.npmjs.org/lodash.isstring set size:undefined disposed:false
234 silly fetch manifest debug@^4.3.4
235 silly packumentCache full:https://registry.npmjs.org/debug cache-miss
236 http fetch GET 200 https://registry.npmjs.org/semver 89ms (cache miss)
237 silly packumentCache full:https://registry.npmjs.org/semver set size:undefined disposed:false
238 silly fetch manifest limiter@^1.1.5
239 silly packumentCache full:https://registry.npmjs.org/limiter cache-miss
240 http fetch GET 200 https://registry.npmjs.org/lodash.isboolean 30ms (cache miss)
241 silly packumentCache full:https://registry.npmjs.org/lodash.isboolean set size:undefined disposed:false
242 silly fetch manifest lru-memoizer@^2.2.0
243 silly packumentCache full:https://registry.npmjs.org/lru-memoizer cache-miss
244 http fetch GET 200 https://registry.npmjs.org/lodash.isinteger 33ms (cache miss)
245 silly packumentCache full:https://registry.npmjs.org/lodash.isinteger set size:undefined disposed:false
246 silly fetch manifest @types/jsonwebtoken@^9.0.4
247 silly packumentCache full:https://registry.npmjs.org/@types%2fjsonwebtoken cache-miss
248 http fetch GET 200 https://registry.npmjs.org/lodash.isplainobject 51ms (cache miss)
249 silly packumentCache full:https://registry.npmjs.org/lodash.isplainobject set size:undefined disposed:false
250 http fetch GET 200 https://registry.npmjs.org/limiter 44ms (cache miss)
251 silly packumentCache full:https://registry.npmjs.org/limiter set size:undefined disposed:false
252 http fetch GET 200 https://registry.npmjs.org/@firebase%2fdatabase 1133ms (cache miss)
253 silly packumentCache full:https://registry.npmjs.org/@firebase%2fdatabase set size:undefined disposed:false
254 http fetch GET 200 https://registry.npmjs.org/lru-memoizer 116ms (cache miss)
255 silly packumentCache full:https://registry.npmjs.org/lru-memoizer set size:undefined disposed:false
256 http fetch GET 200 https://registry.npmjs.org/debug 131ms (cache miss)
257 silly packumentCache full:https://registry.npmjs.org/debug set size:undefined disposed:false
258 http fetch GET 200 https://registry.npmjs.org/@types%2fjsonwebtoken 114ms (cache miss)
259 silly packumentCache full:https://registry.npmjs.org/@types%2fjsonwebtoken set size:undefined disposed:false
260 http fetch GET 200 https://registry.npmjs.org/jose 149ms (cache miss)
261 silly packumentCache full:https://registry.npmjs.org/jose set size:undefined disposed:false
262 silly placeDep ROOT @firebase/component@0.7.3 OK for: @firebase/database-compat@2.1.4 want: 0.7.3
263 silly placeDep ROOT @firebase/database@1.1.3 OK for: @firebase/database-compat@2.1.4 want: 1.1.3
264 silly placeDep ROOT @firebase/logger@0.5.1 OK for: @firebase/database-compat@2.1.4 want: 0.5.1
265 silly placeDep ROOT @firebase/util@1.15.1 OK for: @firebase/database-compat@2.1.4 want: 1.15.1
266 silly placeDep ROOT tslib@2.8.1 OK for: @firebase/database-compat@2.1.4 want: ^2.1.0
267 silly fetch manifest faye-websocket@0.11.4
268 silly packumentCache full:https://registry.npmjs.org/faye-websocket cache-miss
269 silly fetch manifest @firebase/auth-interop-types@0.2.5
270 silly packumentCache full:https://registry.npmjs.org/@firebase%2fauth-interop-types cache-miss
271 silly fetch manifest @firebase/app-check-interop-types@0.3.4
272 silly packumentCache full:https://registry.npmjs.org/@firebase%2fapp-check-interop-types cache-miss
273 http fetch GET 200 https://registry.npmjs.org/faye-websocket 37ms (cache miss)
274 silly packumentCache full:https://registry.npmjs.org/faye-websocket set size:undefined disposed:false
275 http fetch GET 200 https://registry.npmjs.org/@firebase%2fauth-interop-types 209ms (cache miss)
276 silly packumentCache full:https://registry.npmjs.org/@firebase%2fauth-interop-types set size:undefined disposed:false
277 http fetch GET 200 https://registry.npmjs.org/@firebase%2fapp-check-interop-types 265ms (cache miss)
278 silly packumentCache full:https://registry.npmjs.org/@firebase%2fapp-check-interop-types set size:undefined disposed:false
279 silly placeDep ROOT @firebase/app-check-interop-types@0.3.4 OK for: @firebase/database@1.1.3 want: 0.3.4
280 silly placeDep ROOT @firebase/auth-interop-types@0.2.5 OK for: @firebase/database@1.1.3 want: 0.2.5
281 silly placeDep ROOT faye-websocket@0.11.4 OK for: @firebase/database@1.1.3 want: 0.11.4
282 silly fetch manifest websocket-driver@>=0.5.1
283 silly packumentCache full:https://registry.npmjs.org/websocket-driver cache-miss
284 http fetch GET 200 https://registry.npmjs.org/websocket-driver 31ms (cache miss)
285 silly packumentCache full:https://registry.npmjs.org/websocket-driver set size:undefined disposed:false
286 silly placeDep ROOT @firebase/app-types@0.9.5 OK for: @firebase/database-types@1.0.20 want: 0.9.5
287 silly placeDep ROOT @opentelemetry/api@1.9.1 OK for: @google-cloud/firestore@7.11.6 want: ^1.3.0
288 silly placeDep ROOT functional-red-black-tree@1.0.1 OK for: @google-cloud/firestore@7.11.6 want: ^1.0.1
289 silly placeDep ROOT google-gax@4.6.1 OK for: @google-cloud/firestore@7.11.6 want: ^4.3.3
290 silly placeDep ROOT protobufjs@7.6.2 OK for: @google-cloud/firestore@7.11.6 want: ^7.2.6
291 silly fetch manifest uuid@^9.0.1
292 silly packumentCache full:https://registry.npmjs.org/uuid cache-miss
293 silly fetch manifest duplexify@^4.0.0
294 silly packumentCache full:https://registry.npmjs.org/duplexify cache-miss
295 silly fetch manifest node-fetch@^2.7.0
296 silly packumentCache full:https://registry.npmjs.org/node-fetch cache-miss
297 silly fetch manifest protobufjs@^7.3.2
298 silly packumentCache full:https://registry.npmjs.org/protobufjs cache-miss
299 silly fetch manifest @types/long@^4.0.0
300 silly packumentCache full:https://registry.npmjs.org/@types%2flong cache-miss
301 silly fetch manifest object-hash@^3.0.0
302 silly packumentCache full:https://registry.npmjs.org/object-hash cache-miss
303 silly fetch manifest @grpc/grpc-js@^1.10.9
304 silly packumentCache full:https://registry.npmjs.org/@grpc%2fgrpc-js cache-miss
305 http cache https://registry.npmjs.org/uuid 9ms (cache hit)
306 silly packumentCache full:https://registry.npmjs.org/uuid set size:234700 disposed:false
307 silly fetch manifest @grpc/proto-loader@^0.7.13
308 silly packumentCache full:https://registry.npmjs.org/@grpc%2fproto-loader cache-miss
309 http cache https://registry.npmjs.org/duplexify 14ms (cache hit)
310 silly packumentCache full:https://registry.npmjs.org/duplexify set size:73064 disposed:false
311 silly fetch manifest google-auth-library@^9.3.0
312 silly packumentCache full:https://registry.npmjs.org/google-auth-library cache-hit
313 silly fetch manifest proto3-json-serializer@^2.0.2
314 silly packumentCache full:https://registry.npmjs.org/proto3-json-serializer cache-miss
315 http cache https://registry.npmjs.org/protobufjs 20ms (cache hit)
316 silly packumentCache full:https://registry.npmjs.org/protobufjs set size:693986 disposed:false
317 silly fetch manifest @protobufjs/aspromise@^1.1.2
318 silly packumentCache full:https://registry.npmjs.org/@protobufjs%2faspromise cache-miss
319 http fetch GET 200 https://registry.npmjs.org/object-hash 30ms (cache miss)
320 silly packumentCache full:https://registry.npmjs.org/object-hash set size:undefined disposed:false
321 silly fetch manifest @protobufjs/base64@^1.1.2
322 silly packumentCache full:https://registry.npmjs.org/@protobufjs%2fbase64 cache-miss
323 http fetch GET 200 https://registry.npmjs.org/@types%2flong 35ms (cache miss)
324 silly packumentCache full:https://registry.npmjs.org/@types%2flong set size:undefined disposed:false
325 silly fetch manifest @protobufjs/codegen@^2.0.5
326 silly packumentCache full:https://registry.npmjs.org/@protobufjs%2fcodegen cache-miss
327 http fetch GET 200 https://registry.npmjs.org/proto3-json-serializer 42ms (cache miss)
328 silly packumentCache full:https://registry.npmjs.org/proto3-json-serializer set size:undefined disposed:false
329 silly fetch manifest @protobufjs/eventemitter@^1.1.1
330 silly packumentCache full:https://registry.npmjs.org/@protobufjs%2feventemitter cache-miss
331 http fetch GET 200 https://registry.npmjs.org/@grpc%2fproto-loader 50ms (cache miss)
332 silly packumentCache full:https://registry.npmjs.org/@grpc%2fproto-loader set size:undefined disposed:false
333 silly fetch manifest @protobufjs/fetch@^1.1.1
334 silly packumentCache full:https://registry.npmjs.org/@protobufjs%2ffetch cache-miss
335 http fetch GET 200 https://registry.npmjs.org/node-fetch 65ms (cache miss)
336 silly packumentCache full:https://registry.npmjs.org/node-fetch set size:undefined disposed:false
337 silly fetch manifest @protobufjs/float@^1.0.2
338 silly packumentCache full:https://registry.npmjs.org/@protobufjs%2ffloat cache-miss
339 http fetch GET 200 https://registry.npmjs.org/@grpc%2fgrpc-js 72ms (cache miss)
340 silly packumentCache full:https://registry.npmjs.org/@grpc%2fgrpc-js set size:undefined disposed:false
341 silly fetch manifest @protobufjs/inquire@^1.1.2
342 silly packumentCache full:https://registry.npmjs.org/@protobufjs%2finquire cache-miss
343 http fetch GET 200 https://registry.npmjs.org/@protobufjs%2fbase64 49ms (cache miss)
344 silly packumentCache full:https://registry.npmjs.org/@protobufjs%2fbase64 set size:undefined disposed:false
345 silly fetch manifest @protobufjs/path@^1.1.2
346 silly packumentCache full:https://registry.npmjs.org/@protobufjs%2fpath cache-miss
347 http fetch GET 200 https://registry.npmjs.org/@protobufjs%2faspromise 58ms (cache miss)
348 silly packumentCache full:https://registry.npmjs.org/@protobufjs%2faspromise set size:undefined disposed:false
349 silly fetch manifest @protobufjs/pool@^1.1.0
350 silly packumentCache full:https://registry.npmjs.org/@protobufjs%2fpool cache-miss
351 http fetch GET 200 https://registry.npmjs.org/@protobufjs%2fcodegen 50ms (cache miss)
352 silly packumentCache full:https://registry.npmjs.org/@protobufjs%2fcodegen set size:undefined disposed:false
353 silly fetch manifest @protobufjs/utf8@^1.1.1
354 silly packumentCache full:https://registry.npmjs.org/@protobufjs%2futf8 cache-miss
355 http fetch GET 200 https://registry.npmjs.org/@protobufjs%2feventemitter 37ms (cache miss)
356 silly packumentCache full:https://registry.npmjs.org/@protobufjs%2feventemitter set size:undefined disposed:false
357 silly fetch manifest @types/node@>=13.7.0
358 silly packumentCache full:https://registry.npmjs.org/@types%2fnode cache-miss
359 http fetch GET 200 https://registry.npmjs.org/@protobufjs%2ffetch 36ms (cache miss)
360 silly packumentCache full:https://registry.npmjs.org/@protobufjs%2ffetch set size:undefined disposed:false
361 silly fetch manifest long@^5.3.2
362 silly packumentCache full:https://registry.npmjs.org/long cache-miss
363 http fetch GET 200 https://registry.npmjs.org/@protobufjs%2ffloat 39ms (cache miss)
364 silly packumentCache full:https://registry.npmjs.org/@protobufjs%2ffloat set size:undefined disposed:false
365 http fetch GET 200 https://registry.npmjs.org/@protobufjs%2finquire 43ms (cache miss)
366 silly packumentCache full:https://registry.npmjs.org/@protobufjs%2finquire set size:undefined disposed:false
367 http fetch GET 200 https://registry.npmjs.org/@protobufjs%2fpath 41ms (cache miss)
368 silly packumentCache full:https://registry.npmjs.org/@protobufjs%2fpath set size:undefined disposed:false
369 http fetch GET 200 https://registry.npmjs.org/@protobufjs%2futf8 42ms (cache miss)
370 silly packumentCache full:https://registry.npmjs.org/@protobufjs%2futf8 set size:undefined disposed:false
371 http fetch GET 200 https://registry.npmjs.org/long 29ms (cache miss)
372 silly packumentCache full:https://registry.npmjs.org/long set size:undefined disposed:false
373 http fetch GET 200 https://registry.npmjs.org/@protobufjs%2fpool 47ms (cache miss)
374 silly packumentCache full:https://registry.npmjs.org/@protobufjs%2fpool set size:undefined disposed:false
375 http fetch GET 200 https://registry.npmjs.org/@types%2fnode 223ms (cache miss)
376 silly packumentCache full:https://registry.npmjs.org/@types%2fnode set size:undefined disposed:false
377 silly placeDep ROOT @google-cloud/paginator@5.0.2 OK for: @google-cloud/storage@7.19.0 want: ^5.0.0
378 silly placeDep ROOT @google-cloud/projectify@4.0.0 OK for: @google-cloud/storage@7.19.0 want: ^4.0.0
379 silly placeDep ROOT @google-cloud/promisify@4.0.0 OK for: @google-cloud/storage@7.19.0 want: <4.1.0
380 silly placeDep ROOT abort-controller@3.0.0 OK for: @google-cloud/storage@7.19.0 want: ^3.0.0
381 silly placeDep ROOT async-retry@1.3.3 OK for: @google-cloud/storage@7.19.0 want: ^1.3.3
382 silly placeDep ROOT duplexify@4.1.3 OK for: @google-cloud/storage@7.19.0 want: ^4.1.3
383 silly placeDep ROOT fast-xml-parser@5.8.0 OK for: @google-cloud/storage@7.19.0 want: ^5.3.4
384 silly placeDep ROOT gaxios@6.7.1 OK for: @google-cloud/storage@7.19.0 want: ^6.0.2
385 silly placeDep node_modules/@google-cloud/storage google-auth-library@9.15.1 OK for: @google-cloud/storage@7.19.0 want: ^9.6.3
386 silly placeDep ROOT html-entities@2.6.0 OK for: @google-cloud/storage@7.19.0 want: ^2.5.2
387 silly placeDep ROOT mime@3.0.0 OK for: @google-cloud/storage@7.19.0 want: ^3.0.0
388 silly placeDep ROOT p-limit@3.1.0 OK for: @google-cloud/storage@7.19.0 want: ^3.0.1
389 silly placeDep ROOT retry-request@7.0.2 OK for: @google-cloud/storage@7.19.0 want: ^7.0.0
390 silly placeDep ROOT teeny-request@9.0.0 OK for: @google-cloud/storage@7.19.0 want: ^9.0.0
391 silly placeDep ROOT uuid@8.3.2 OK for: @google-cloud/storage@7.19.0 want: ^8.0.0
392 silly fetch manifest arrify@^2.0.0
393 silly packumentCache full:https://registry.npmjs.org/arrify cache-miss
394 silly fetch manifest extend@^3.0.2
395 silly packumentCache full:https://registry.npmjs.org/extend cache-miss
396 silly fetch manifest event-target-shim@^5.0.0
397 silly packumentCache full:https://registry.npmjs.org/event-target-shim cache-miss
398 silly fetch manifest retry@0.13.1
399 silly packumentCache full:https://registry.npmjs.org/retry cache-miss
400 silly fetch manifest end-of-stream@^1.4.1
401 silly packumentCache full:https://registry.npmjs.org/end-of-stream cache-miss
402 silly fetch manifest inherits@^2.0.3
403 silly packumentCache full:https://registry.npmjs.org/inherits cache-miss
404 silly fetch manifest readable-stream@^3.1.1
405 silly packumentCache full:https://registry.npmjs.org/readable-stream cache-miss
406 http fetch GET 200 https://registry.npmjs.org/arrify 36ms (cache miss)
407 silly packumentCache full:https://registry.npmjs.org/arrify set size:undefined disposed:false
408 silly fetch manifest stream-shift@^1.0.2
409 silly packumentCache full:https://registry.npmjs.org/stream-shift cache-miss
410 http fetch GET 200 https://registry.npmjs.org/end-of-stream 36ms (cache miss)
411 silly packumentCache full:https://registry.npmjs.org/end-of-stream set size:undefined disposed:false
412 silly fetch manifest @nodable/entities@^2.1.0
413 silly packumentCache full:https://registry.npmjs.org/@nodable%2fentities cache-miss
414 http fetch GET 200 https://registry.npmjs.org/extend 38ms (cache miss)
415 silly packumentCache full:https://registry.npmjs.org/extend set size:undefined disposed:false
416 silly fetch manifest fast-xml-builder@^1.2.0
417 silly packumentCache full:https://registry.npmjs.org/fast-xml-builder cache-miss
418 http fetch GET 200 https://registry.npmjs.org/retry 41ms (cache miss)
419 silly packumentCache full:https://registry.npmjs.org/retry set size:undefined disposed:false
420 silly fetch manifest path-expression-matcher@^1.5.0
421 silly packumentCache full:https://registry.npmjs.org/path-expression-matcher cache-miss
422 http fetch GET 200 https://registry.npmjs.org/event-target-shim 45ms (cache miss)
423 silly packumentCache full:https://registry.npmjs.org/event-target-shim set size:undefined disposed:false
424 silly fetch manifest strnum@^2.3.0
425 silly packumentCache full:https://registry.npmjs.org/strnum cache-miss
426 http fetch GET 200 https://registry.npmjs.org/inherits 47ms (cache miss)
427 silly packumentCache full:https://registry.npmjs.org/inherits set size:undefined disposed:false
428 silly fetch manifest xml-naming@^0.1.0
429 silly packumentCache full:https://registry.npmjs.org/xml-naming cache-miss
430 http fetch GET 200 https://registry.npmjs.org/readable-stream 50ms (cache miss)
431 silly packumentCache full:https://registry.npmjs.org/readable-stream set size:undefined disposed:false
432 silly fetch manifest is-stream@^2.0.0
433 silly packumentCache full:https://registry.npmjs.org/is-stream cache-miss
434 http fetch GET 200 https://registry.npmjs.org/stream-shift 29ms (cache miss)
435 silly packumentCache full:https://registry.npmjs.org/stream-shift set size:undefined disposed:false
436 silly fetch manifest node-fetch@^2.6.9
437 silly packumentCache full:https://registry.npmjs.org/node-fetch cache-miss
438 http fetch GET 200 https://registry.npmjs.org/path-expression-matcher 27ms (cache miss)
439 silly packumentCache full:https://registry.npmjs.org/path-expression-matcher set size:undefined disposed:false
440 silly fetch manifest https-proxy-agent@^7.0.1
441 silly packumentCache full:https://registry.npmjs.org/https-proxy-agent cache-miss
442 http cache https://registry.npmjs.org/node-fetch 6ms (cache hit)
443 silly packumentCache full:https://registry.npmjs.org/node-fetch set size:896010 disposed:false
444 silly fetch manifest gtoken@^7.0.0
445 silly packumentCache full:https://registry.npmjs.org/gtoken cache-miss
446 http fetch GET 200 https://registry.npmjs.org/@nodable%2fentities 51ms (cache miss)
447 silly packumentCache full:https://registry.npmjs.org/@nodable%2fentities set size:undefined disposed:false
448 silly fetch manifest gcp-metadata@^6.1.0
449 silly packumentCache full:https://registry.npmjs.org/gcp-metadata cache-miss
450 http fetch GET 200 https://registry.npmjs.org/fast-xml-builder 50ms (cache miss)
451 silly packumentCache full:https://registry.npmjs.org/fast-xml-builder set size:undefined disposed:false
452 silly fetch manifest yocto-queue@^0.1.0
453 silly packumentCache full:https://registry.npmjs.org/yocto-queue cache-miss
454 http fetch GET 200 https://registry.npmjs.org/is-stream 36ms (cache miss)
455 silly packumentCache full:https://registry.npmjs.org/is-stream set size:undefined disposed:false
456 silly fetch manifest @types/request@^2.48.8
457 silly packumentCache full:https://registry.npmjs.org/@types%2frequest cache-miss
458 http fetch GET 200 https://registry.npmjs.org/xml-naming 43ms (cache miss)
459 silly packumentCache full:https://registry.npmjs.org/xml-naming set size:undefined disposed:false
460 silly fetch manifest uuid@^9.0.0
461 silly packumentCache full:https://registry.npmjs.org/uuid cache-hit
462 silly fetch manifest stream-events@^1.0.5
463 silly packumentCache full:https://registry.npmjs.org/stream-events cache-miss
464 http fetch GET 200 https://registry.npmjs.org/strnum 47ms (cache miss)
465 silly packumentCache full:https://registry.npmjs.org/strnum set size:undefined disposed:false
466 silly fetch manifest http-proxy-agent@^5.0.0
467 silly packumentCache full:https://registry.npmjs.org/http-proxy-agent cache-miss
468 http cache https://registry.npmjs.org/gcp-metadata 10ms (cache hit)
469 silly packumentCache full:https://registry.npmjs.org/gcp-metadata set size:191448 disposed:false
470 silly fetch manifest https-proxy-agent@^5.0.0
471 silly packumentCache full:https://registry.npmjs.org/https-proxy-agent cache-miss
472 http fetch GET 200 https://registry.npmjs.org/https-proxy-agent 42ms (cache miss)
473 silly packumentCache full:https://registry.npmjs.org/https-proxy-agent set size:undefined disposed:false
474 http fetch GET 200 https://registry.npmjs.org/gtoken 35ms (cache miss)
475 silly packumentCache full:https://registry.npmjs.org/gtoken set size:undefined disposed:false
476 http fetch GET 200 https://registry.npmjs.org/https-proxy-agent 33ms (cache miss)
477 silly packumentCache full:https://registry.npmjs.org/https-proxy-agent set size:undefined disposed:false
478 http fetch GET 200 https://registry.npmjs.org/yocto-queue 46ms (cache miss)
479 silly packumentCache full:https://registry.npmjs.org/yocto-queue set size:undefined disposed:false
480 http fetch GET 200 https://registry.npmjs.org/stream-events 44ms (cache miss)
481 silly packumentCache full:https://registry.npmjs.org/stream-events set size:undefined disposed:false
482 http fetch GET 200 https://registry.npmjs.org/http-proxy-agent 43ms (cache miss)
483 silly packumentCache full:https://registry.npmjs.org/http-proxy-agent set size:undefined disposed:false
484 http fetch GET 200 https://registry.npmjs.org/@types%2frequest 49ms (cache miss)
485 silly packumentCache full:https://registry.npmjs.org/@types%2frequest set size:undefined disposed:false
486 silly placeDep ROOT arrify@2.0.1 OK for: @google-cloud/paginator@5.0.2 want: ^2.0.0
487 silly placeDep ROOT extend@3.0.2 OK for: @google-cloud/paginator@5.0.2 want: ^3.0.2
488 silly placeDep ROOT event-target-shim@5.0.1 OK for: abort-controller@3.0.0 want: ^5.0.0
489 silly placeDep ROOT retry@0.13.1 OK for: async-retry@1.3.3 want: 0.13.1
490 silly placeDep ROOT end-of-stream@1.4.5 OK for: duplexify@4.1.3 want: ^1.4.1
491 silly placeDep ROOT inherits@2.0.4 OK for: duplexify@4.1.3 want: ^2.0.3
492 silly placeDep ROOT readable-stream@3.6.2 OK for: duplexify@4.1.3 want: ^3.1.1
493 silly placeDep ROOT stream-shift@1.0.3 OK for: duplexify@4.1.3 want: ^1.0.2
494 silly fetch manifest once@^1.4.0
495 silly packumentCache full:https://registry.npmjs.org/once cache-miss
496 silly fetch manifest string_decoder@^1.1.1
497 silly packumentCache full:https://registry.npmjs.org/string_decoder cache-miss
498 silly fetch manifest util-deprecate@^1.0.1
499 silly packumentCache full:https://registry.npmjs.org/util-deprecate cache-miss
500 http fetch GET 200 https://registry.npmjs.org/once 26ms (cache miss)
501 silly packumentCache full:https://registry.npmjs.org/once set size:undefined disposed:false
502 http fetch GET 200 https://registry.npmjs.org/string_decoder 28ms (cache miss)
503 silly packumentCache full:https://registry.npmjs.org/string_decoder set size:undefined disposed:false
504 http fetch GET 200 https://registry.npmjs.org/util-deprecate 29ms (cache miss)
505 silly packumentCache full:https://registry.npmjs.org/util-deprecate set size:undefined disposed:false
506 silly placeDep ROOT once@1.4.0 OK for: end-of-stream@1.4.5 want: ^1.4.0
507 silly fetch manifest wrappy@1
508 silly packumentCache full:https://registry.npmjs.org/wrappy cache-miss
509 http fetch GET 200 https://registry.npmjs.org/wrappy 29ms (cache miss)
510 silly packumentCache full:https://registry.npmjs.org/wrappy set size:undefined disposed:false
511 silly placeDep ROOT @nodable/entities@2.1.1 OK for: fast-xml-parser@5.8.0 want: ^2.1.0
512 silly placeDep ROOT fast-xml-builder@1.2.0 OK for: fast-xml-parser@5.8.0 want: ^1.2.0
513 silly placeDep ROOT path-expression-matcher@1.5.0 OK for: fast-xml-parser@5.8.0 want: ^1.5.0
514 silly placeDep ROOT strnum@2.3.0 OK for: fast-xml-parser@5.8.0 want: ^2.3.0
515 silly placeDep ROOT xml-naming@0.1.0 OK for: fast-xml-parser@5.8.0 want: ^0.1.0
516 silly placeDep ROOT websocket-driver@0.7.4 OK for: faye-websocket@0.11.4 want: >=0.5.1
517 silly fetch manifest http-parser-js@>=0.5.1
518 silly packumentCache full:https://registry.npmjs.org/http-parser-js cache-miss
519 silly fetch manifest safe-buffer@>=5.1.0
520 silly packumentCache full:https://registry.npmjs.org/safe-buffer cache-miss
521 silly fetch manifest websocket-extensions@>=0.1.1
522 silly packumentCache full:https://registry.npmjs.org/websocket-extensions cache-miss
523 http fetch GET 200 https://registry.npmjs.org/http-parser-js 30ms (cache miss)
524 silly packumentCache full:https://registry.npmjs.org/http-parser-js set size:undefined disposed:false
525 http fetch GET 200 https://registry.npmjs.org/websocket-extensions 30ms (cache miss)
526 silly packumentCache full:https://registry.npmjs.org/websocket-extensions set size:undefined disposed:false
527 http fetch GET 200 https://registry.npmjs.org/safe-buffer 32ms (cache miss)
528 silly packumentCache full:https://registry.npmjs.org/safe-buffer set size:undefined disposed:false
529 silly fetch manifest encoding@^0.1.0
530 silly packumentCache full:https://registry.npmjs.org/encoding cache-miss
531 http fetch GET 200 https://registry.npmjs.org/encoding 28ms (cache miss)
532 silly packumentCache full:https://registry.npmjs.org/encoding set size:undefined disposed:false
533 silly placeDep ROOT https-proxy-agent@7.0.6 OK for: gaxios@6.7.1 want: ^7.0.1
534 silly placeDep ROOT is-stream@2.0.1 OK for: gaxios@6.7.1 want: ^2.0.0
535 silly placeDep ROOT node-fetch@2.7.0 OK for: gaxios@6.7.1 want: ^2.6.9
536 silly placeDep node_modules/gaxios uuid@9.0.1 OK for: gaxios@6.7.1 want: ^9.0.1
537 silly fetch manifest debug@4
538 silly packumentCache full:https://registry.npmjs.org/debug cache-miss
539 silly fetch manifest agent-base@^7.1.2
540 silly packumentCache full:https://registry.npmjs.org/agent-base cache-miss
541 silly fetch manifest whatwg-url@^5.0.0
542 silly packumentCache full:https://registry.npmjs.org/whatwg-url cache-miss
543 http cache https://registry.npmjs.org/debug 6ms (cache hit)
544 silly packumentCache full:https://registry.npmjs.org/debug set size:195840 disposed:false
545 http fetch GET 200 https://registry.npmjs.org/agent-base 31ms (cache miss)
546 silly packumentCache full:https://registry.npmjs.org/agent-base set size:undefined disposed:false
547 http fetch GET 200 https://registry.npmjs.org/whatwg-url 32ms (cache miss)
548 silly packumentCache full:https://registry.npmjs.org/whatwg-url set size:undefined disposed:false
549 silly placeDep ROOT base64-js@1.5.1 OK for: google-auth-library@10.6.2 want: ^1.3.0
550 silly placeDep ROOT ecdsa-sig-formatter@1.0.11 OK for: google-auth-library@10.6.2 want: ^1.0.11
551 silly placeDep node_modules/google-auth-library gaxios@7.1.4 OK for: google-auth-library@10.6.2 want: ^7.1.4
552 silly placeDep ROOT gcp-metadata@8.1.2 OK for: google-auth-library@10.6.2 want: 8.1.2
553 silly placeDep ROOT google-logging-utils@1.1.3 OK for: google-auth-library@10.6.2 want: 1.1.3
554 silly placeDep ROOT jws@4.0.1 OK for: google-auth-library@10.6.2 want: ^4.0.0
555 silly fetch manifest safe-buffer@^5.0.1
556 silly packumentCache full:https://registry.npmjs.org/safe-buffer cache-miss
557 silly fetch manifest node-fetch@^3.3.2
558 silly packumentCache full:https://registry.npmjs.org/node-fetch cache-hit
559 silly fetch manifest gaxios@^7.0.0
560 silly packumentCache full:https://registry.npmjs.org/gaxios cache-hit
561 silly fetch manifest google-logging-utils@^1.0.0
562 silly packumentCache full:https://registry.npmjs.org/google-logging-utils cache-miss
563 silly fetch manifest json-bigint@^1.0.0
564 silly packumentCache full:https://registry.npmjs.org/json-bigint cache-miss
565 silly fetch manifest jwa@^2.0.1
566 silly packumentCache full:https://registry.npmjs.org/jwa cache-miss
567 silly fetch manifest safe-buffer@^5.0.1
568 silly packumentCache full:https://registry.npmjs.org/safe-buffer cache-miss
569 http cache https://registry.npmjs.org/safe-buffer 6ms (cache hit)
570 silly packumentCache full:https://registry.npmjs.org/safe-buffer set size:41183 disposed:false
571 http cache https://registry.npmjs.org/google-logging-utils 7ms (cache hit)
572 silly packumentCache full:https://registry.npmjs.org/google-logging-utils set size:21694 disposed:false
573 http cache https://registry.npmjs.org/safe-buffer 7ms (cache hit)
574 silly packumentCache full:https://registry.npmjs.org/safe-buffer set size:41183 disposed:false
575 silly packumentCache full:https://registry.npmjs.org/safe-buffer dispose
576 http fetch GET 200 https://registry.npmjs.org/json-bigint 31ms (cache miss)
577 silly packumentCache full:https://registry.npmjs.org/json-bigint set size:undefined disposed:false
578 http fetch GET 200 https://registry.npmjs.org/jwa 32ms (cache miss)
579 silly packumentCache full:https://registry.npmjs.org/jwa set size:undefined disposed:false
580 silly placeDep ROOT safe-buffer@5.2.1 OK for: ecdsa-sig-formatter@1.0.11 want: ^5.0.1
581 silly placeDep node_modules/gcp-metadata gaxios@7.1.4 OK for: gcp-metadata@8.1.2 want: ^7.0.0
582 silly placeDep ROOT json-bigint@1.0.0 OK for: gcp-metadata@8.1.2 want: ^1.0.0
583 silly fetch manifest bignumber.js@^9.0.0
584 silly packumentCache full:https://registry.npmjs.org/bignumber.js cache-miss
585 http fetch GET 200 https://registry.npmjs.org/bignumber.js 30ms (cache miss)
586 silly packumentCache full:https://registry.npmjs.org/bignumber.js set size:undefined disposed:false
587 silly placeDep ROOT @grpc/grpc-js@1.14.4 OK for: google-gax@4.6.1 want: ^1.10.9
588 silly placeDep ROOT @grpc/proto-loader@0.7.15 OK for: google-gax@4.6.1 want: ^0.7.13
589 silly placeDep ROOT @types/long@4.0.2 OK for: google-gax@4.6.1 want: ^4.0.0
590 silly placeDep node_modules/google-gax google-auth-library@9.15.1 OK for: google-gax@4.6.1 want: ^9.3.0
591 silly placeDep ROOT object-hash@3.0.0 OK for: google-gax@4.6.1 want: ^3.0.0
592 silly placeDep ROOT proto3-json-serializer@2.0.2 OK for: google-gax@4.6.1 want: ^2.0.2
593 silly placeDep node_modules/google-gax uuid@9.0.1 OK for: google-gax@4.6.1 want: ^9.0.1
594 silly fetch manifest @grpc/proto-loader@^0.8.0
595 silly packumentCache full:https://registry.npmjs.org/@grpc%2fproto-loader cache-miss
596 silly fetch manifest @js-sdsl/ordered-map@^4.4.2
597 silly packumentCache full:https://registry.npmjs.org/@js-sdsl%2fordered-map cache-miss
598 silly fetch manifest long@^5.0.0
599 silly packumentCache full:https://registry.npmjs.org/long cache-miss
600 silly fetch manifest yargs@^17.7.2
601 silly packumentCache full:https://registry.npmjs.org/yargs cache-miss
602 silly fetch manifest lodash.camelcase@^4.3.0
603 silly packumentCache full:https://registry.npmjs.org/lodash.camelcase cache-miss
604 http cache https://registry.npmjs.org/long 6ms (cache hit)
605 silly packumentCache full:https://registry.npmjs.org/long set size:80704 disposed:false
606 http cache https://registry.npmjs.org/@grpc%2fproto-loader 8ms (cache hit)
607 silly packumentCache full:https://registry.npmjs.org/@grpc%2fproto-loader set size:218355 disposed:false
608 http fetch GET 200 https://registry.npmjs.org/lodash.camelcase 25ms (cache miss)
609 silly packumentCache full:https://registry.npmjs.org/lodash.camelcase set size:undefined disposed:false
610 http fetch GET 200 https://registry.npmjs.org/@js-sdsl%2fordered-map 39ms (cache miss)
611 silly packumentCache full:https://registry.npmjs.org/@js-sdsl%2fordered-map set size:undefined disposed:false
612 http fetch GET 200 https://registry.npmjs.org/yargs 48ms (cache miss)
613 silly packumentCache full:https://registry.npmjs.org/yargs set size:undefined disposed:false
614 silly placeDep node_modules/@grpc/grpc-js @grpc/proto-loader@0.8.1 OK for: @grpc/grpc-js@1.14.4 want: ^0.8.0
615 silly placeDep ROOT @js-sdsl/ordered-map@4.4.2 OK for: @grpc/grpc-js@1.14.4 want: ^4.4.2
616 silly placeDep ROOT lodash.camelcase@4.3.0 OK for: @grpc/proto-loader@0.7.15 want: ^4.3.0
617 silly placeDep ROOT long@5.3.2 OK for: @grpc/proto-loader@0.7.15 want: ^5.0.0
618 silly placeDep ROOT yargs@17.7.2 OK for: @grpc/proto-loader@0.7.15 want: ^17.7.2
619 silly fetch manifest y18n@^5.0.5
620 silly packumentCache full:https://registry.npmjs.org/y18n cache-miss
621 silly fetch manifest cliui@^8.0.1
622 silly packumentCache full:https://registry.npmjs.org/cliui cache-miss
623 silly fetch manifest escalade@^3.1.1
624 silly packumentCache full:https://registry.npmjs.org/escalade cache-miss
625 silly fetch manifest string-width@^4.2.3
626 silly packumentCache full:https://registry.npmjs.org/string-width cache-miss
627 silly fetch manifest yargs-parser@^21.1.1
628 silly packumentCache full:https://registry.npmjs.org/yargs-parser cache-miss
629 silly fetch manifest get-caller-file@^2.0.5
630 silly packumentCache full:https://registry.npmjs.org/get-caller-file cache-miss
631 silly fetch manifest require-directory@^2.1.1
632 silly packumentCache full:https://registry.npmjs.org/require-directory cache-miss
633 http fetch GET 200 https://registry.npmjs.org/cliui 35ms (cache miss)
634 silly packumentCache full:https://registry.npmjs.org/cliui set size:undefined disposed:false
635 http fetch GET 200 https://registry.npmjs.org/require-directory 37ms (cache miss)
636 silly packumentCache full:https://registry.npmjs.org/require-directory set size:undefined disposed:false
637 http fetch GET 200 https://registry.npmjs.org/get-caller-file 37ms (cache miss)
638 silly packumentCache full:https://registry.npmjs.org/get-caller-file set size:undefined disposed:false
639 http fetch GET 200 https://registry.npmjs.org/escalade 39ms (cache miss)
640 silly packumentCache full:https://registry.npmjs.org/escalade set size:undefined disposed:false
641 http fetch GET 200 https://registry.npmjs.org/string-width 40ms (cache miss)
642 silly packumentCache full:https://registry.npmjs.org/string-width set size:undefined disposed:false
643 http fetch GET 200 https://registry.npmjs.org/y18n 42ms (cache miss)
644 silly packumentCache full:https://registry.npmjs.org/y18n set size:undefined disposed:false
645 http fetch GET 200 https://registry.npmjs.org/yargs-parser 43ms (cache miss)
646 silly packumentCache full:https://registry.npmjs.org/yargs-parser set size:undefined disposed:false
647 silly placeDep ROOT agent-base@7.1.4 OK for: https-proxy-agent@7.0.6 want: ^7.1.2
648 silly placeDep ROOT debug@4.4.3 OK for: https-proxy-agent@7.0.6 want: 4
649 silly fetch manifest ms@^2.1.3
650 silly packumentCache full:https://registry.npmjs.org/ms cache-miss
651 http cache https://registry.npmjs.org/ms 2ms (cache hit)
652 silly packumentCache full:https://registry.npmjs.org/ms set size:92208 disposed:false
653 silly placeDep ROOT ms@2.1.3 OK for: debug@4.4.3 want: ^2.1.3
654 silly placeDep ROOT bignumber.js@9.3.1 OK for: json-bigint@1.0.0 want: ^9.0.0
655 silly placeDep ROOT lodash.includes@4.3.0 OK for: jsonwebtoken@9.0.3 want: ^4.3.0
656 silly placeDep ROOT lodash.isboolean@3.0.3 OK for: jsonwebtoken@9.0.3 want: ^3.0.3
657 silly placeDep ROOT lodash.isinteger@4.0.4 OK for: jsonwebtoken@9.0.3 want: ^4.0.4
658 silly placeDep ROOT lodash.isnumber@3.0.3 OK for: jsonwebtoken@9.0.3 want: ^3.0.3
659 silly placeDep ROOT lodash.isplainobject@4.0.6 OK for: jsonwebtoken@9.0.3 want: ^4.0.6
660 silly placeDep ROOT lodash.isstring@4.0.1 OK for: jsonwebtoken@9.0.3 want: ^4.0.1
661 silly placeDep ROOT lodash.once@4.1.1 OK for: jsonwebtoken@9.0.3 want: ^4.0.0
662 silly placeDep ROOT semver@7.8.1 OK for: jsonwebtoken@9.0.3 want: ^7.5.4
663 silly placeDep ROOT @types/jsonwebtoken@9.0.10 OK for: jwks-rsa@3.2.2 want: ^9.0.4
664 silly placeDep ROOT jose@4.15.9 OK for: jwks-rsa@3.2.2 want: ^4.15.4
665 silly placeDep ROOT limiter@1.1.5 OK for: jwks-rsa@3.2.2 want: ^1.1.5
666 silly placeDep ROOT lru-memoizer@2.3.0 OK for: jwks-rsa@3.2.2 want: ^2.2.0
667 silly fetch manifest @types/ms@*
668 silly packumentCache full:https://registry.npmjs.org/@types%2fms cache-miss
669 silly fetch manifest @types/node@*
670 silly packumentCache full:https://registry.npmjs.org/@types%2fnode cache-miss
671 silly fetch manifest lru-cache@6.0.0
672 silly packumentCache full:https://registry.npmjs.org/lru-cache cache-miss
673 silly fetch manifest lodash.clonedeep@^4.5.0
674 silly packumentCache full:https://registry.npmjs.org/lodash.clonedeep cache-miss
675 http cache https://registry.npmjs.org/@types%2fnode 25ms (cache hit)
676 silly packumentCache full:https://registry.npmjs.org/@types%2fnode set size:11015753 disposed:false
677 http fetch GET 200 https://registry.npmjs.org/@types%2fms 119ms (cache miss)
678 silly packumentCache full:https://registry.npmjs.org/@types%2fms set size:undefined disposed:false
679 http fetch GET 200 https://registry.npmjs.org/lodash.clonedeep 119ms (cache miss)
680 silly packumentCache full:https://registry.npmjs.org/lodash.clonedeep set size:undefined disposed:false
681 http fetch GET 200 https://registry.npmjs.org/lru-cache 126ms (cache miss)
682 silly packumentCache full:https://registry.npmjs.org/lru-cache set size:undefined disposed:false
683 silly placeDep ROOT @types/ms@2.1.0 OK for: @types/jsonwebtoken@9.0.10 want: *
684 silly placeDep ROOT @types/node@25.9.1 OK for: @types/jsonwebtoken@9.0.10 want: *
685 silly fetch manifest undici-types@>=7.24.0 <7.24.7
686 silly packumentCache full:https://registry.npmjs.org/undici-types cache-miss
687 http fetch GET 200 https://registry.npmjs.org/undici-types 33ms (cache miss)
688 silly packumentCache full:https://registry.npmjs.org/undici-types set size:undefined disposed:false
689 silly placeDep ROOT undici-types@7.24.6 OK for: @types/node@25.9.1 want: >=7.24.0 <7.24.7
690 silly placeDep ROOT jwa@2.0.1 OK for: jws@4.0.1 want: ^2.0.1
691 silly fetch manifest buffer-equal-constant-time@^1.0.1
692 silly packumentCache full:https://registry.npmjs.org/buffer-equal-constant-time cache-miss
693 http fetch GET 200 https://registry.npmjs.org/buffer-equal-constant-time 22ms (cache miss)
694 silly packumentCache full:https://registry.npmjs.org/buffer-equal-constant-time set size:undefined disposed:false
695 silly placeDep ROOT buffer-equal-constant-time@1.0.1 OK for: jwa@2.0.1 want: ^1.0.1
696 silly placeDep ROOT lodash.clonedeep@4.5.0 OK for: lru-memoizer@2.3.0 want: ^4.5.0
697 silly placeDep ROOT lru-cache@6.0.0 OK for: lru-memoizer@2.3.0 want: 6.0.0
698 silly fetch manifest yallist@^4.0.0
699 silly packumentCache full:https://registry.npmjs.org/yallist cache-miss
700 http fetch GET 200 https://registry.npmjs.org/yallist 26ms (cache miss)
701 silly packumentCache full:https://registry.npmjs.org/yallist set size:undefined disposed:false
702 silly placeDep ROOT yallist@4.0.0 OK for: lru-cache@6.0.0 want: ^4.0.0
703 silly placeDep ROOT whatwg-url@5.0.0 OK for: node-fetch@2.7.0 want: ^5.0.0
704 silly fetch manifest tr46@~0.0.3
705 silly packumentCache full:https://registry.npmjs.org/tr46 cache-miss
706 silly fetch manifest webidl-conversions@^3.0.0
707 silly packumentCache full:https://registry.npmjs.org/webidl-conversions cache-miss
708 http fetch GET 200 https://registry.npmjs.org/tr46 27ms (cache miss)
709 silly packumentCache full:https://registry.npmjs.org/tr46 set size:undefined disposed:false
710 http fetch GET 200 https://registry.npmjs.org/webidl-conversions 29ms (cache miss)
711 silly packumentCache full:https://registry.npmjs.org/webidl-conversions set size:undefined disposed:false
712 silly placeDep ROOT wrappy@1.0.2 OK for: once@1.4.0 want: 1
713 silly placeDep ROOT yocto-queue@0.1.0 OK for: p-limit@3.1.0 want: ^0.1.0
714 silly placeDep ROOT @protobufjs/aspromise@1.1.2 OK for: protobufjs@7.6.2 want: ^1.1.2
715 silly placeDep ROOT @protobufjs/base64@1.1.2 OK for: protobufjs@7.6.2 want: ^1.1.2
716 silly placeDep ROOT @protobufjs/codegen@2.0.5 OK for: protobufjs@7.6.2 want: ^2.0.5
717 silly placeDep ROOT @protobufjs/eventemitter@1.1.1 OK for: protobufjs@7.6.2 want: ^1.1.1
718 silly placeDep ROOT @protobufjs/fetch@1.1.1 OK for: protobufjs@7.6.2 want: ^1.1.1
719 silly placeDep ROOT @protobufjs/float@1.0.2 OK for: protobufjs@7.6.2 want: ^1.0.2
720 silly placeDep ROOT @protobufjs/inquire@1.1.2 OK for: protobufjs@7.6.2 want: ^1.1.2
721 silly placeDep ROOT @protobufjs/path@1.1.2 OK for: protobufjs@7.6.2 want: ^1.1.2
722 silly placeDep ROOT @protobufjs/pool@1.1.0 OK for: protobufjs@7.6.2 want: ^1.1.0
723 silly placeDep ROOT @protobufjs/utf8@1.1.1 OK for: protobufjs@7.6.2 want: ^1.1.1
724 silly placeDep ROOT string_decoder@1.3.0 OK for: readable-stream@3.6.2 want: ^1.1.1
725 silly placeDep ROOT util-deprecate@1.0.2 OK for: readable-stream@3.6.2 want: ^1.0.1
726 silly placeDep ROOT @types/request@2.48.13 OK for: retry-request@7.0.2 want: ^2.48.8
727 silly fetch manifest form-data@^2.5.5
728 silly packumentCache full:https://registry.npmjs.org/form-data cache-miss
729 silly fetch manifest @types/caseless@*
730 silly packumentCache full:https://registry.npmjs.org/@types%2fcaseless cache-miss
731 silly fetch manifest @types/tough-cookie@*
732 silly packumentCache full:https://registry.npmjs.org/@types%2ftough-cookie cache-miss
733 http fetch GET 200 https://registry.npmjs.org/form-data 28ms (cache miss)
734 silly packumentCache full:https://registry.npmjs.org/form-data set size:undefined disposed:false
735 http fetch GET 200 https://registry.npmjs.org/@types%2fcaseless 36ms (cache miss)
736 silly packumentCache full:https://registry.npmjs.org/@types%2fcaseless set size:undefined disposed:false
737 http fetch GET 200 https://registry.npmjs.org/@types%2ftough-cookie 50ms (cache miss)
738 silly packumentCache full:https://registry.npmjs.org/@types%2ftough-cookie set size:undefined disposed:false
739 silly placeDep ROOT @types/caseless@0.12.5 OK for: @types/request@2.48.13 want: *
740 silly placeDep ROOT @types/tough-cookie@4.0.5 OK for: @types/request@2.48.13 want: *
741 silly placeDep ROOT form-data@2.5.5 OK for: @types/request@2.48.13 want: ^2.5.5
742 silly fetch manifest hasown@^2.0.2
743 silly packumentCache full:https://registry.npmjs.org/hasown cache-miss
744 silly fetch manifest asynckit@^0.4.0
745 silly packumentCache full:https://registry.npmjs.org/asynckit cache-miss
746 silly fetch manifest mime-types@^2.1.35
747 silly packumentCache full:https://registry.npmjs.org/mime-types cache-miss
748 silly fetch manifest combined-stream@^1.0.8
749 silly packumentCache full:https://registry.npmjs.org/combined-stream cache-miss
750 silly fetch manifest es-set-tostringtag@^2.1.0
751 silly packumentCache full:https://registry.npmjs.org/es-set-tostringtag cache-miss
752 http fetch GET 200 https://registry.npmjs.org/hasown 30ms (cache miss)
753 silly packumentCache full:https://registry.npmjs.org/hasown set size:undefined disposed:false
754 http fetch GET 200 https://registry.npmjs.org/combined-stream 31ms (cache miss)
755 silly packumentCache full:https://registry.npmjs.org/combined-stream set size:undefined disposed:false
756 http fetch GET 200 https://registry.npmjs.org/asynckit 32ms (cache miss)
757 silly packumentCache full:https://registry.npmjs.org/asynckit set size:undefined disposed:false
758 http fetch GET 200 https://registry.npmjs.org/es-set-tostringtag 32ms (cache miss)
759 silly packumentCache full:https://registry.npmjs.org/es-set-tostringtag set size:undefined disposed:false
760 http fetch GET 200 https://registry.npmjs.org/mime-types 34ms (cache miss)
761 silly packumentCache full:https://registry.npmjs.org/mime-types set size:undefined disposed:false
762 silly placeDep ROOT asynckit@0.4.0 OK for: form-data@2.5.5 want: ^0.4.0
763 silly placeDep ROOT combined-stream@1.0.8 OK for: form-data@2.5.5 want: ^1.0.8
764 silly placeDep ROOT es-set-tostringtag@2.1.0 OK for: form-data@2.5.5 want: ^2.1.0
765 silly placeDep ROOT hasown@2.0.4 OK for: form-data@2.5.5 want: ^2.0.2
766 silly placeDep ROOT mime-types@2.1.35 OK for: form-data@2.5.5 want: ^2.1.35
767 silly fetch manifest delayed-stream@~1.0.0
768 silly packumentCache full:https://registry.npmjs.org/delayed-stream cache-miss
769 silly fetch manifest es-errors@^1.3.0
770 silly packumentCache full:https://registry.npmjs.org/es-errors cache-miss
771 silly fetch manifest get-intrinsic@^1.2.6
772 silly packumentCache full:https://registry.npmjs.org/get-intrinsic cache-miss
773 silly fetch manifest has-tostringtag@^1.0.2
774 silly packumentCache full:https://registry.npmjs.org/has-tostringtag cache-miss
775 silly fetch manifest function-bind@^1.1.2
776 silly packumentCache full:https://registry.npmjs.org/function-bind cache-miss
777 silly fetch manifest mime-db@1.52.0
778 silly packumentCache full:https://registry.npmjs.org/mime-db cache-miss
779 http fetch GET 200 https://registry.npmjs.org/delayed-stream 36ms (cache miss)
780 silly packumentCache full:https://registry.npmjs.org/delayed-stream set size:undefined disposed:false
781 http fetch GET 200 https://registry.npmjs.org/get-intrinsic 42ms (cache miss)
782 silly packumentCache full:https://registry.npmjs.org/get-intrinsic set size:undefined disposed:false
783 http fetch GET 200 https://registry.npmjs.org/has-tostringtag 43ms (cache miss)
784 silly packumentCache full:https://registry.npmjs.org/has-tostringtag set size:undefined disposed:false
785 http fetch GET 200 https://registry.npmjs.org/function-bind 43ms (cache miss)
786 silly packumentCache full:https://registry.npmjs.org/function-bind set size:undefined disposed:false
787 http fetch GET 200 https://registry.npmjs.org/mime-db 44ms (cache miss)
788 silly packumentCache full:https://registry.npmjs.org/mime-db set size:undefined disposed:false
789 http fetch GET 200 https://registry.npmjs.org/es-errors 48ms (cache miss)
790 silly packumentCache full:https://registry.npmjs.org/es-errors set size:undefined disposed:false
791 silly placeDep ROOT delayed-stream@1.0.0 OK for: combined-stream@1.0.8 want: ~1.0.0
792 silly placeDep ROOT es-errors@1.3.0 OK for: es-set-tostringtag@2.1.0 want: ^1.3.0
793 silly placeDep ROOT get-intrinsic@1.3.0 OK for: es-set-tostringtag@2.1.0 want: ^1.2.6
794 silly placeDep ROOT has-tostringtag@1.0.2 OK for: es-set-tostringtag@2.1.0 want: ^1.0.2
795 silly fetch manifest gopd@^1.2.0
796 silly packumentCache full:https://registry.npmjs.org/gopd cache-miss
797 silly fetch manifest get-proto@^1.0.1
798 silly packumentCache full:https://registry.npmjs.org/get-proto cache-miss
799 silly fetch manifest has-symbols@^1.1.0
800 silly packumentCache full:https://registry.npmjs.org/has-symbols cache-miss
801 silly fetch manifest es-object-atoms@^1.1.1
802 silly packumentCache full:https://registry.npmjs.org/es-object-atoms cache-miss
803 silly fetch manifest math-intrinsics@^1.1.0
804 silly packumentCache full:https://registry.npmjs.org/math-intrinsics cache-miss
805 silly fetch manifest es-define-property@^1.0.1
806 silly packumentCache full:https://registry.npmjs.org/es-define-property cache-miss
807 silly fetch manifest call-bind-apply-helpers@^1.0.2
808 silly packumentCache full:https://registry.npmjs.org/call-bind-apply-helpers cache-miss
809 http fetch GET 200 https://registry.npmjs.org/es-object-atoms 25ms (cache miss)
810 silly packumentCache full:https://registry.npmjs.org/es-object-atoms set size:undefined disposed:false
811 silly fetch manifest has-symbols@^1.0.3
812 silly packumentCache full:https://registry.npmjs.org/has-symbols cache-miss
813 http fetch GET 200 https://registry.npmjs.org/has-symbols 33ms (cache miss)
814 silly packumentCache full:https://registry.npmjs.org/has-symbols set size:undefined disposed:false
815 http fetch GET 200 https://registry.npmjs.org/math-intrinsics 34ms (cache miss)
816 silly packumentCache full:https://registry.npmjs.org/math-intrinsics set size:undefined disposed:false
817 http fetch GET 200 https://registry.npmjs.org/get-proto 34ms (cache miss)
818 silly packumentCache full:https://registry.npmjs.org/get-proto set size:undefined disposed:false
819 http fetch GET 200 https://registry.npmjs.org/gopd 36ms (cache miss)
820 silly packumentCache full:https://registry.npmjs.org/gopd set size:undefined disposed:false
821 http fetch GET 200 https://registry.npmjs.org/es-define-property 35ms (cache miss)
822 silly packumentCache full:https://registry.npmjs.org/es-define-property set size:undefined disposed:false
823 http fetch GET 200 https://registry.npmjs.org/has-symbols 27ms (cache miss)
824 silly packumentCache full:https://registry.npmjs.org/has-symbols set size:undefined disposed:false
825 http fetch GET 200 https://registry.npmjs.org/call-bind-apply-helpers 51ms (cache miss)
826 silly packumentCache full:https://registry.npmjs.org/call-bind-apply-helpers set size:undefined disposed:false
827 silly placeDep ROOT call-bind-apply-helpers@1.0.2 OK for: get-intrinsic@1.3.0 want: ^1.0.2
828 silly placeDep ROOT es-define-property@1.0.1 OK for: get-intrinsic@1.3.0 want: ^1.0.1
829 silly placeDep ROOT es-object-atoms@1.1.2 OK for: get-intrinsic@1.3.0 want: ^1.1.1
830 silly placeDep ROOT function-bind@1.1.2 OK for: get-intrinsic@1.3.0 want: ^1.1.2
831 silly placeDep ROOT get-proto@1.0.1 OK for: get-intrinsic@1.3.0 want: ^1.0.1
832 silly placeDep ROOT gopd@1.2.0 OK for: get-intrinsic@1.3.0 want: ^1.2.0
833 silly placeDep ROOT has-symbols@1.1.0 OK for: get-intrinsic@1.3.0 want: ^1.1.0
834 silly placeDep ROOT math-intrinsics@1.1.0 OK for: get-intrinsic@1.3.0 want: ^1.1.0
835 silly fetch manifest dunder-proto@^1.0.1
836 silly packumentCache full:https://registry.npmjs.org/dunder-proto cache-miss
837 http fetch GET 200 https://registry.npmjs.org/dunder-proto 27ms (cache miss)
838 silly packumentCache full:https://registry.npmjs.org/dunder-proto set size:undefined disposed:false
839 silly placeDep ROOT dunder-proto@1.0.1 OK for: get-proto@1.0.1 want: ^1.0.1
840 silly placeDep ROOT mime-db@1.52.0 OK for: mime-types@2.1.35 want: 1.52.0
841 silly placeDep ROOT http-proxy-agent@5.0.0 OK for: teeny-request@9.0.0 want: ^5.0.0
842 silly placeDep node_modules/teeny-request https-proxy-agent@5.0.1 OK for: teeny-request@9.0.0 want: ^5.0.0
843 silly placeDep ROOT stream-events@1.0.5 OK for: teeny-request@9.0.0 want: ^1.0.5
844 silly placeDep node_modules/teeny-request uuid@9.0.1 OK for: teeny-request@9.0.0 want: ^9.0.0
845 silly fetch manifest agent-base@6
846 silly packumentCache full:https://registry.npmjs.org/agent-base cache-miss
847 silly fetch manifest @tootallnate/once@2
848 silly packumentCache full:https://registry.npmjs.org/@tootallnate%2fonce cache-miss
849 silly fetch manifest agent-base@6
850 silly packumentCache full:https://registry.npmjs.org/agent-base cache-miss
851 silly fetch manifest stubs@^3.0.0
852 silly packumentCache full:https://registry.npmjs.org/stubs cache-miss
853 http cache https://registry.npmjs.org/agent-base 5ms (cache hit)
854 silly packumentCache full:https://registry.npmjs.org/agent-base set size:72085 disposed:false
855 http cache https://registry.npmjs.org/agent-base 8ms (cache hit)
856 silly packumentCache full:https://registry.npmjs.org/agent-base set size:72085 disposed:false
857 silly packumentCache full:https://registry.npmjs.org/agent-base dispose
858 http fetch GET 200 https://registry.npmjs.org/stubs 30ms (cache miss)
859 silly packumentCache full:https://registry.npmjs.org/stubs set size:undefined disposed:false
860 http fetch GET 200 https://registry.npmjs.org/@tootallnate%2fonce 40ms (cache miss)
861 silly packumentCache full:https://registry.npmjs.org/@tootallnate%2fonce set size:undefined disposed:false
862 silly placeDep ROOT @tootallnate/once@2.0.1 OK for: http-proxy-agent@5.0.0 want: 2
863 silly placeDep node_modules/http-proxy-agent agent-base@6.0.2 OK for: http-proxy-agent@5.0.0 want: 6
864 silly placeDep ROOT stubs@3.0.0 OK for: stream-events@1.0.5 want: ^3.0.0
865 silly placeDep ROOT http-parser-js@0.5.10 OK for: websocket-driver@0.7.4 want: >=0.5.1
866 silly placeDep ROOT websocket-extensions@0.1.4 OK for: websocket-driver@0.7.4 want: >=0.1.1
867 silly placeDep ROOT tr46@0.0.3 OK for: whatwg-url@5.0.0 want: ~0.0.3
868 silly placeDep ROOT webidl-conversions@3.0.1 OK for: whatwg-url@5.0.0 want: ^3.0.0
869 silly placeDep ROOT cliui@8.0.1 OK for: yargs@17.7.2 want: ^8.0.1
870 silly placeDep ROOT escalade@3.2.0 OK for: yargs@17.7.2 want: ^3.1.1
871 silly placeDep ROOT get-caller-file@2.0.5 OK for: yargs@17.7.2 want: ^2.0.5
872 silly placeDep ROOT require-directory@2.1.1 OK for: yargs@17.7.2 want: ^2.1.1
873 silly placeDep ROOT string-width@4.2.3 OK for: yargs@17.7.2 want: ^4.2.3
874 silly placeDep ROOT y18n@5.0.8 OK for: yargs@17.7.2 want: ^5.0.5
875 silly placeDep ROOT yargs-parser@21.1.1 OK for: yargs@17.7.2 want: ^21.1.1
876 silly fetch manifest wrap-ansi@^7.0.0
877 silly packumentCache full:https://registry.npmjs.org/wrap-ansi cache-miss
878 silly fetch manifest strip-ansi@^6.0.1
879 silly packumentCache full:https://registry.npmjs.org/strip-ansi cache-miss
880 silly fetch manifest string-width@^4.2.0
881 silly packumentCache full:https://registry.npmjs.org/string-width cache-miss
882 silly fetch manifest strip-ansi@^6.0.1
883 silly packumentCache full:https://registry.npmjs.org/strip-ansi cache-miss
884 silly fetch manifest emoji-regex@^8.0.0
885 silly packumentCache full:https://registry.npmjs.org/emoji-regex cache-miss
886 silly fetch manifest is-fullwidth-code-point@^3.0.0
887 silly packumentCache full:https://registry.npmjs.org/is-fullwidth-code-point cache-miss
888 http cache https://registry.npmjs.org/string-width 6ms (cache hit)
889 silly packumentCache full:https://registry.npmjs.org/string-width set size:70381 disposed:false
890 http fetch GET 200 https://registry.npmjs.org/is-fullwidth-code-point 36ms (cache miss)
891 silly packumentCache full:https://registry.npmjs.org/is-fullwidth-code-point set size:undefined disposed:false
892 http fetch GET 200 https://registry.npmjs.org/strip-ansi 37ms (cache miss)
893 silly packumentCache full:https://registry.npmjs.org/strip-ansi set size:undefined disposed:false
894 http fetch GET 200 https://registry.npmjs.org/wrap-ansi 38ms (cache miss)
895 silly packumentCache full:https://registry.npmjs.org/wrap-ansi set size:undefined disposed:false
896 http fetch GET 200 https://registry.npmjs.org/strip-ansi 39ms (cache miss)
897 silly packumentCache full:https://registry.npmjs.org/strip-ansi set size:undefined disposed:false
898 http fetch GET 200 https://registry.npmjs.org/emoji-regex 40ms (cache miss)
899 silly packumentCache full:https://registry.npmjs.org/emoji-regex set size:undefined disposed:false
900 silly placeDep ROOT strip-ansi@6.0.1 OK for: cliui@8.0.1 want: ^6.0.1
901 silly placeDep ROOT wrap-ansi@7.0.0 OK for: cliui@8.0.1 want: ^7.0.0
902 silly fetch manifest ansi-regex@^5.0.1
903 silly packumentCache full:https://registry.npmjs.org/ansi-regex cache-miss
904 silly fetch manifest ansi-styles@^4.0.0
905 silly packumentCache full:https://registry.npmjs.org/ansi-styles cache-miss
906 http fetch GET 200 https://registry.npmjs.org/ansi-regex 26ms (cache miss)
907 silly packumentCache full:https://registry.npmjs.org/ansi-regex set size:undefined disposed:false
908 http fetch GET 200 https://registry.npmjs.org/ansi-styles 29ms (cache miss)
909 silly packumentCache full:https://registry.npmjs.org/ansi-styles set size:undefined disposed:false
910 silly placeDep ROOT emoji-regex@8.0.0 OK for: string-width@4.2.3 want: ^8.0.0
911 silly placeDep ROOT is-fullwidth-code-point@3.0.0 OK for: string-width@4.2.3 want: ^3.0.0
912 silly placeDep ROOT ansi-regex@5.0.1 OK for: strip-ansi@6.0.1 want: ^5.0.1
913 silly placeDep ROOT ansi-styles@4.3.0 OK for: wrap-ansi@7.0.0 want: ^4.0.0
914 silly fetch manifest color-convert@^2.0.1
915 silly packumentCache full:https://registry.npmjs.org/color-convert cache-miss
916 http fetch GET 200 https://registry.npmjs.org/color-convert 24ms (cache miss)
917 silly packumentCache full:https://registry.npmjs.org/color-convert set size:undefined disposed:false
918 silly placeDep ROOT color-convert@2.0.1 OK for: ansi-styles@4.3.0 want: ^2.0.1
919 silly fetch manifest color-name@~1.1.4
920 silly packumentCache full:https://registry.npmjs.org/color-name cache-miss
921 http fetch GET 200 https://registry.npmjs.org/color-name 24ms (cache miss)
922 silly packumentCache full:https://registry.npmjs.org/color-name set size:undefined disposed:false
923 silly placeDep ROOT color-name@1.1.4 OK for: color-convert@2.0.1 want: ~1.1.4
924 silly placeDep node_modules/@google-cloud/storage gcp-metadata@6.1.1 OK for: google-auth-library@9.15.1 want: ^6.1.0
925 silly placeDep ROOT gtoken@7.1.0 OK for: google-auth-library@9.15.1 want: ^7.0.0
926 silly fetch manifest google-logging-utils@^0.0.2
927 silly packumentCache full:https://registry.npmjs.org/google-logging-utils cache-hit
928 silly placeDep node_modules/@google-cloud/storage google-logging-utils@0.0.2 OK for: gcp-metadata@6.1.1 want: ^0.0.2
929 silly placeDep node_modules/gcp-metadata node-fetch@3.3.2 OK for: gaxios@7.1.4 want: ^3.3.2
930 silly fetch manifest data-uri-to-buffer@^4.0.0
931 silly packumentCache full:https://registry.npmjs.org/data-uri-to-buffer cache-miss
932 silly fetch manifest fetch-blob@^3.1.4
933 silly packumentCache full:https://registry.npmjs.org/fetch-blob cache-miss
934 silly fetch manifest formdata-polyfill@^4.0.10
935 silly packumentCache full:https://registry.npmjs.org/formdata-polyfill cache-miss
936 http fetch GET 200 https://registry.npmjs.org/data-uri-to-buffer 26ms (cache miss)
937 silly packumentCache full:https://registry.npmjs.org/data-uri-to-buffer set size:undefined disposed:false
938 http fetch GET 200 https://registry.npmjs.org/fetch-blob 30ms (cache miss)
939 silly packumentCache full:https://registry.npmjs.org/fetch-blob set size:undefined disposed:false
940 http fetch GET 200 https://registry.npmjs.org/formdata-polyfill 34ms (cache miss)
941 silly packumentCache full:https://registry.npmjs.org/formdata-polyfill set size:undefined disposed:false
942 silly placeDep ROOT data-uri-to-buffer@4.0.1 OK for: node-fetch@3.3.2 want: ^4.0.0
943 silly placeDep ROOT fetch-blob@3.2.0 OK for: node-fetch@3.3.2 want: ^3.1.4
944 silly placeDep ROOT formdata-polyfill@4.0.10 OK for: node-fetch@3.3.2 want: ^4.0.10
945 silly fetch manifest node-domexception@^1.0.0
946 silly packumentCache full:https://registry.npmjs.org/node-domexception cache-miss
947 silly fetch manifest web-streams-polyfill@^3.0.3
948 silly packumentCache full:https://registry.npmjs.org/web-streams-polyfill cache-miss
949 http fetch GET 200 https://registry.npmjs.org/node-domexception 30ms (cache miss)
950 silly packumentCache full:https://registry.npmjs.org/node-domexception set size:undefined disposed:false
951 http fetch GET 200 https://registry.npmjs.org/web-streams-polyfill 30ms (cache miss)
952 silly packumentCache full:https://registry.npmjs.org/web-streams-polyfill set size:undefined disposed:false
953 silly placeDep ROOT node-domexception@1.0.0 OK for: fetch-blob@3.2.0 want: ^1.0.0
954 silly placeDep ROOT web-streams-polyfill@3.3.3 OK for: fetch-blob@3.2.0 want: ^3.0.3
955 silly placeDep node_modules/google-auth-library node-fetch@3.3.2 OK for: gaxios@7.1.4 want: ^3.3.2
956 silly placeDep node_modules/google-gax gcp-metadata@6.1.1 OK for: google-auth-library@9.15.1 want: ^6.1.0
957 silly placeDep node_modules/google-gax google-logging-utils@0.0.2 OK for: gcp-metadata@6.1.1 want: ^0.0.2
958 silly placeDep node_modules/teeny-request agent-base@6.0.2 OK for: https-proxy-agent@5.0.1 want: 6
959 silly reify moves {}
960 silly audit bulk request {
960 silly audit   'firebase-admin': [ '13.10.0' ],
960 silly audit   '@fastify/busboy': [ '3.2.0' ],
960 silly audit   '@firebase/database-compat': [ '2.1.4' ],
960 silly audit   '@firebase/database-types': [ '1.0.20' ],
960 silly audit   '@google-cloud/firestore': [ '7.11.6' ],
960 silly audit   '@google-cloud/storage': [ '7.19.0' ],
960 silly audit   'farmhash-modern': [ '1.1.0' ],
960 silly audit   'fast-deep-equal': [ '3.1.3' ],
960 silly audit   'google-auth-library': [ '10.6.2', '9.15.1' ],
960 silly audit   jsonwebtoken: [ '9.0.3' ],
960 silly audit   'jwks-rsa': [ '3.2.2' ],
960 silly audit   '@firebase/component': [ '0.7.3' ],
960 silly audit   '@firebase/database': [ '1.1.3' ],
960 silly audit   '@firebase/logger': [ '0.5.1' ],
960 silly audit   '@firebase/util': [ '1.15.1' ],
960 silly audit   tslib: [ '2.8.1' ],
960 silly audit   '@firebase/app-check-interop-types': [ '0.3.4' ],
960 silly audit   '@firebase/auth-interop-types': [ '0.2.5' ],
960 silly audit   'faye-websocket': [ '0.11.4' ],
960 silly audit   '@firebase/app-types': [ '0.9.5' ],
960 silly audit   '@opentelemetry/api': [ '1.9.1' ],
960 silly audit   'functional-red-black-tree': [ '1.0.1' ],
960 silly audit   'google-gax': [ '4.6.1' ],
960 silly audit   protobufjs: [ '7.6.2' ],
960 silly audit   '@google-cloud/paginator': [ '5.0.2' ],
960 silly audit   '@google-cloud/projectify': [ '4.0.0' ],
960 silly audit   '@google-cloud/promisify': [ '4.0.0' ],
960 silly audit   'abort-controller': [ '3.0.0' ],
960 silly audit   'async-retry': [ '1.3.3' ],
960 silly audit   duplexify: [ '4.1.3' ],
960 silly audit   'fast-xml-parser': [ '5.8.0' ],
960 silly audit   gaxios: [ '6.7.1', '7.1.4' ],
960 silly audit   'html-entities': [ '2.6.0' ],
960 silly audit   mime: [ '3.0.0' ],
960 silly audit   'p-limit': [ '3.1.0' ],
960 silly audit   'retry-request': [ '7.0.2' ],
960 silly audit   'teeny-request': [ '9.0.0' ],
960 silly audit   uuid: [ '8.3.2', '9.0.1' ],
960 silly audit   arrify: [ '2.0.1' ],
960 silly audit   extend: [ '3.0.2' ],
960 silly audit   'event-target-shim': [ '5.0.1' ],
960 silly audit   retry: [ '0.13.1' ],
960 silly audit   'end-of-stream': [ '1.4.5' ],
960 silly audit   inherits: [ '2.0.4' ],
960 silly audit   'readable-stream': [ '3.6.2' ],
960 silly audit   'stream-shift': [ '1.0.3' ],
960 silly audit   once: [ '1.4.0' ],
960 silly audit   '@nodable/entities': [ '2.1.1' ],
960 silly audit   'fast-xml-builder': [ '1.2.0' ],
960 silly audit   'path-expression-matcher': [ '1.5.0' ],
960 silly audit   strnum: [ '2.3.0' ],
960 silly audit   'xml-naming': [ '0.1.0' ],
960 silly audit   'websocket-driver': [ '0.7.4' ],
960 silly audit   'https-proxy-agent': [ '7.0.6', '5.0.1' ],
960 silly audit   'is-stream': [ '2.0.1' ],
960 silly audit   'node-fetch': [ '2.7.0', '3.3.2' ],
960 silly audit   'base64-js': [ '1.5.1' ],
960 silly audit   'ecdsa-sig-formatter': [ '1.0.11' ],
960 silly audit   'gcp-metadata': [ '8.1.2', '6.1.1' ],
960 silly audit   'google-logging-utils': [ '1.1.3', '0.0.2' ],
960 silly audit   jws: [ '4.0.1' ],
960 silly audit   'safe-buffer': [ '5.2.1' ],
960 silly audit   'json-bigint': [ '1.0.0' ],
960 silly audit   '@grpc/grpc-js': [ '1.14.4' ],
960 silly audit   '@grpc/proto-loader': [ '0.7.15', '0.8.1' ],
960 silly audit   '@types/long': [ '4.0.2' ],
960 silly audit   'object-hash': [ '3.0.0' ],
960 silly audit   'proto3-json-serializer': [ '2.0.2' ],
960 silly audit   '@js-sdsl/ordered-map': [ '4.4.2' ],
960 silly audit   'lodash.camelcase': [ '4.3.0' ],
960 silly audit   long: [ '5.3.2' ],
960 silly audit   yargs: [ '17.7.2' ],
960 silly audit   'agent-base': [ '7.1.4', '6.0.2' ],
960 silly audit   debug: [ '4.4.3' ],
960 silly audit   ms: [ '2.1.3' ],
960 silly audit   'bignumber.js': [ '9.3.1' ],
960 silly audit   'lodash.includes': [ '4.3.0' ],
960 silly audit   'lodash.isboolean': [ '3.0.3' ],
960 silly audit   'lodash.isinteger': [ '4.0.4' ],
960 silly audit   'lodash.isnumber': [ '3.0.3' ],
960 silly audit   'lodash.isplainobject': [ '4.0.6' ],
960 silly audit   'lodash.isstring': [ '4.0.1' ],
960 silly audit   'lodash.once': [ '4.1.1' ],
960 silly audit   semver: [ '7.8.1' ],
960 silly audit   '@types/jsonwebtoken': [ '9.0.10' ],
960 silly audit   jose: [ '4.15.9' ],
960 silly audit   limiter: [ '1.1.5' ],
960 silly audit   'lru-memoizer': [ '2.3.0' ],
960 silly audit   '@types/ms': [ '2.1.0' ],
960 silly audit   '@types/node': [ '25.9.1' ],
960 silly audit   'undici-types': [ '7.24.6' ],
960 silly audit   jwa: [ '2.0.1' ],
960 silly audit   'buffer-equal-constant-time': [ '1.0.1' ],
960 silly audit   'lodash.clonedeep': [ '4.5.0' ],
960 silly audit   'lru-cache': [ '6.0.0' ],
960 silly audit   yallist: [ '4.0.0' ],
960 silly audit   'whatwg-url': [ '5.0.0' ],
960 silly audit   wrappy: [ '1.0.2' ],
960 silly audit   'yocto-queue': [ '0.1.0' ],
960 silly audit   '@protobufjs/aspromise': [ '1.1.2' ],
960 silly audit   '@protobufjs/base64': [ '1.1.2' ],
960 silly audit   '@protobufjs/codegen': [ '2.0.5' ],
960 silly audit   '@protobufjs/eventemitter': [ '1.1.1' ],
960 silly audit   '@protobufjs/fetch': [ '1.1.1' ],
960 silly audit   '@protobufjs/float': [ '1.0.2' ],
960 silly audit   '@protobufjs/inquire': [ '1.1.2' ],
960 silly audit   '@protobufjs/path': [ '1.1.2' ],
960 silly audit   '@protobufjs/pool': [ '1.1.0' ],
960 silly audit   '@protobufjs/utf8': [ '1.1.1' ],
960 silly audit   string_decoder: [ '1.3.0' ],
960 silly audit   'util-deprecate': [ '1.0.2' ],
960 silly audit   '@types/request': [ '2.48.13' ],
960 silly audit   '@types/caseless': [ '0.12.5' ],
960 silly audit   '@types/tough-cookie': [ '4.0.5' ],
960 silly audit   'form-data': [ '2.5.5' ],
960 silly audit   asynckit: [ '0.4.0' ],
960 silly audit   'combined-stream': [ '1.0.8' ],
960 silly audit   'es-set-tostringtag': [ '2.1.0' ],
960 silly audit   hasown: [ '2.0.4' ],
960 silly audit   'mime-types': [ '2.1.35' ],
960 silly audit   'delayed-stream': [ '1.0.0' ],
960 silly audit   'es-errors': [ '1.3.0' ],
960 silly audit   'get-intrinsic': [ '1.3.0' ],
960 silly audit   'has-tostringtag': [ '1.0.2' ],
960 silly audit   'call-bind-apply-helpers': [ '1.0.2' ],
960 silly audit   'es-define-property': [ '1.0.1' ],
960 silly audit   'es-object-atoms': [ '1.1.2' ],
960 silly audit   'function-bind': [ '1.1.2' ],
960 silly audit   'get-proto': [ '1.0.1' ],
960 silly audit   gopd: [ '1.2.0' ],
960 silly audit   'has-symbols': [ '1.1.0' ],
960 silly audit   'math-intrinsics': [ '1.1.0' ],
960 silly audit   'dunder-proto': [ '1.0.1' ],
960 silly audit   'mime-db': [ '1.52.0' ],
960 silly audit   'http-proxy-agent': [ '5.0.0' ],
960 silly audit   'stream-events': [ '1.0.5' ],
960 silly audit   '@tootallnate/once': [ '2.0.1' ],
960 silly audit   stubs: [ '3.0.0' ],
960 silly audit   'http-parser-js': [ '0.5.10' ],
960 silly audit   'websocket-extensions': [ '0.1.4' ],
960 silly audit   tr46: [ '0.0.3' ],
960 silly audit   'webidl-conversions': [ '3.0.1' ],
960 silly audit   cliui: [ '8.0.1' ],
960 silly audit   escalade: [ '3.2.0' ],
960 silly audit   'get-caller-file': [ '2.0.5' ],
960 silly audit   'require-directory': [ '2.1.1' ],
960 silly audit   'string-width': [ '4.2.3' ],
960 silly audit   y18n: [ '5.0.8' ],
960 silly audit   'yargs-parser': [ '21.1.1' ],
960 silly audit   'strip-ansi': [ '6.0.1' ],
960 silly audit   'wrap-ansi': [ '7.0.0' ],
960 silly audit   'emoji-regex': [ '8.0.0' ],
960 silly audit   'is-fullwidth-code-point': [ '3.0.0' ],
960 silly audit   'ansi-regex': [ '5.0.1' ],
960 silly audit   'ansi-styles': [ '4.3.0' ],
960 silly audit   'color-convert': [ '2.0.1' ],
960 silly audit   'color-name': [ '1.1.4' ],
960 silly audit   gtoken: [ '7.1.0' ],
960 silly audit   'data-uri-to-buffer': [ '4.0.1' ],
960 silly audit   'fetch-blob': [ '3.2.0' ],
960 silly audit   'formdata-polyfill': [ '4.0.10' ],
960 silly audit   'node-domexception': [ '1.0.0' ],
960 silly audit   'web-streams-polyfill': [ '3.3.3' ]
960 silly audit }
961 http cache node-domexception@https://registry.npmjs.org/node-domexception/-/node-domexception-1.0.0.tgz 0ms (cache hit)
962 http cache formdata-polyfill@https://registry.npmjs.org/formdata-polyfill/-/formdata-polyfill-4.0.10.tgz 0ms (cache hit)
963 http cache data-uri-to-buffer@https://registry.npmjs.org/data-uri-to-buffer/-/data-uri-to-buffer-4.0.1.tgz 0ms (cache hit)
964 http cache color-name@https://registry.npmjs.org/color-name/-/color-name-1.1.4.tgz 0ms (cache hit)
965 http cache web-streams-polyfill@https://registry.npmjs.org/web-streams-polyfill/-/web-streams-polyfill-3.3.3.tgz 0ms (cache hit)
966 http cache fetch-blob@https://registry.npmjs.org/fetch-blob/-/fetch-blob-3.2.0.tgz 0ms (cache hit)
967 http cache color-convert@https://registry.npmjs.org/color-convert/-/color-convert-2.0.1.tgz 0ms (cache hit)
968 http cache ansi-regex@https://registry.npmjs.org/ansi-regex/-/ansi-regex-5.0.1.tgz 0ms (cache hit)
969 http cache ansi-styles@https://registry.npmjs.org/ansi-styles/-/ansi-styles-4.3.0.tgz 0ms (cache hit)
970 http cache is-fullwidth-code-point@https://registry.npmjs.org/is-fullwidth-code-point/-/is-fullwidth-code-point-3.0.0.tgz 0ms (cache hit)
971 http cache emoji-regex@https://registry.npmjs.org/emoji-regex/-/emoji-regex-8.0.0.tgz 0ms (cache hit)
972 http cache wrap-ansi@https://registry.npmjs.org/wrap-ansi/-/wrap-ansi-7.0.0.tgz 0ms (cache hit)
973 http cache strip-ansi@https://registry.npmjs.org/strip-ansi/-/strip-ansi-6.0.1.tgz 0ms (cache hit)
974 http cache y18n@https://registry.npmjs.org/y18n/-/y18n-5.0.8.tgz 0ms (cache hit)
975 http cache string-width@https://registry.npmjs.org/string-width/-/string-width-4.2.3.tgz 0ms (cache hit)
976 http cache gtoken@https://registry.npmjs.org/gtoken/-/gtoken-7.1.0.tgz 1ms (cache hit)
977 http cache require-directory@https://registry.npmjs.org/require-directory/-/require-directory-2.1.1.tgz 0ms (cache hit)
978 http cache yargs-parser@https://registry.npmjs.org/yargs-parser/-/yargs-parser-21.1.1.tgz 0ms (cache hit)
979 http cache get-caller-file@https://registry.npmjs.org/get-caller-file/-/get-caller-file-2.0.5.tgz 0ms (cache hit)
980 http cache cliui@https://registry.npmjs.org/cliui/-/cliui-8.0.1.tgz 0ms (cache hit)
981 http cache escalade@https://registry.npmjs.org/escalade/-/escalade-3.2.0.tgz 0ms (cache hit)
982 http cache tr46@https://registry.npmjs.org/tr46/-/tr46-0.0.3.tgz 0ms (cache hit)
983 http cache webidl-conversions@https://registry.npmjs.org/webidl-conversions/-/webidl-conversions-3.0.1.tgz 0ms (cache hit)
984 http cache websocket-extensions@https://registry.npmjs.org/websocket-extensions/-/websocket-extensions-0.1.4.tgz 0ms (cache hit)
985 http cache http-parser-js@https://registry.npmjs.org/http-parser-js/-/http-parser-js-0.5.10.tgz 0ms (cache hit)
986 http cache stubs@https://registry.npmjs.org/stubs/-/stubs-3.0.0.tgz 0ms (cache hit)
987 http cache stream-events@https://registry.npmjs.org/stream-events/-/stream-events-1.0.5.tgz 0ms (cache hit)
988 http cache http-proxy-agent@https://registry.npmjs.org/http-proxy-agent/-/http-proxy-agent-5.0.0.tgz 0ms (cache hit)
989 http cache mime-db@https://registry.npmjs.org/mime-db/-/mime-db-1.52.0.tgz 0ms (cache hit)
990 http cache @tootallnate/once@https://registry.npmjs.org/@tootallnate/once/-/once-2.0.1.tgz 0ms (cache hit)
991 http cache dunder-proto@https://registry.npmjs.org/dunder-proto/-/dunder-proto-1.0.1.tgz 0ms (cache hit)
992 http cache math-intrinsics@https://registry.npmjs.org/math-intrinsics/-/math-intrinsics-1.1.0.tgz 0ms (cache hit)
993 http cache has-symbols@https://registry.npmjs.org/has-symbols/-/has-symbols-1.1.0.tgz 0ms (cache hit)
994 http cache gopd@https://registry.npmjs.org/gopd/-/gopd-1.2.0.tgz 0ms (cache hit)
995 http cache get-proto@https://registry.npmjs.org/get-proto/-/get-proto-1.0.1.tgz 0ms (cache hit)
996 http cache function-bind@https://registry.npmjs.org/function-bind/-/function-bind-1.1.2.tgz 0ms (cache hit)
997 http cache es-define-property@https://registry.npmjs.org/es-define-property/-/es-define-property-1.0.1.tgz 0ms (cache hit)
998 http cache es-object-atoms@https://registry.npmjs.org/es-object-atoms/-/es-object-atoms-1.1.2.tgz 0ms (cache hit)
999 http cache call-bind-apply-helpers@https://registry.npmjs.org/call-bind-apply-helpers/-/call-bind-apply-helpers-1.0.2.tgz 0ms (cache hit)
1000 http cache has-tostringtag@https://registry.npmjs.org/has-tostringtag/-/has-tostringtag-1.0.2.tgz 0ms (cache hit)
1001 http cache es-errors@https://registry.npmjs.org/es-errors/-/es-errors-1.3.0.tgz 0ms (cache hit)
1002 http cache delayed-stream@https://registry.npmjs.org/delayed-stream/-/delayed-stream-1.0.0.tgz 0ms (cache hit)
1003 http cache mime-types@https://registry.npmjs.org/mime-types/-/mime-types-2.1.35.tgz 0ms (cache hit)
1004 http cache get-intrinsic@https://registry.npmjs.org/get-intrinsic/-/get-intrinsic-1.3.0.tgz 0ms (cache hit)
1005 http cache hasown@https://registry.npmjs.org/hasown/-/hasown-2.0.4.tgz 0ms (cache hit)
1006 http cache asynckit@https://registry.npmjs.org/asynckit/-/asynckit-0.4.0.tgz 0ms (cache hit)
1007 http cache form-data@https://registry.npmjs.org/form-data/-/form-data-2.5.5.tgz 0ms (cache hit)
1008 http cache @types/tough-cookie@https://registry.npmjs.org/@types/tough-cookie/-/tough-cookie-4.0.5.tgz 0ms (cache hit)
1009 http cache @types/caseless@https://registry.npmjs.org/@types/caseless/-/caseless-0.12.5.tgz 0ms (cache hit)
1010 http cache @types/request@https://registry.npmjs.org/@types/request/-/request-2.48.13.tgz 0ms (cache hit)
1011 http cache util-deprecate@https://registry.npmjs.org/util-deprecate/-/util-deprecate-1.0.2.tgz 0ms (cache hit)
1012 http cache string_decoder@https://registry.npmjs.org/string_decoder/-/string_decoder-1.3.0.tgz 0ms (cache hit)
1013 http cache es-set-tostringtag@https://registry.npmjs.org/es-set-tostringtag/-/es-set-tostringtag-2.1.0.tgz 0ms (cache hit)
1014 http cache @protobufjs/utf8@https://registry.npmjs.org/@protobufjs/utf8/-/utf8-1.1.1.tgz 0ms (cache hit)
1015 http cache @protobufjs/pool@https://registry.npmjs.org/@protobufjs/pool/-/pool-1.1.0.tgz 0ms (cache hit)
1016 http cache combined-stream@https://registry.npmjs.org/combined-stream/-/combined-stream-1.0.8.tgz 0ms (cache hit)
1017 http cache @protobufjs/inquire@https://registry.npmjs.org/@protobufjs/inquire/-/inquire-1.1.2.tgz 0ms (cache hit)
1018 http cache @protobufjs/path@https://registry.npmjs.org/@protobufjs/path/-/path-1.1.2.tgz 0ms (cache hit)
1019 http cache @protobufjs/float@https://registry.npmjs.org/@protobufjs/float/-/float-1.0.2.tgz 0ms (cache hit)
1020 http cache @protobufjs/eventemitter@https://registry.npmjs.org/@protobufjs/eventemitter/-/eventemitter-1.1.1.tgz 0ms (cache hit)
1021 http cache @protobufjs/codegen@https://registry.npmjs.org/@protobufjs/codegen/-/codegen-2.0.5.tgz 0ms (cache hit)
1022 http cache @protobufjs/base64@https://registry.npmjs.org/@protobufjs/base64/-/base64-1.1.2.tgz 0ms (cache hit)
1023 http cache @protobufjs/fetch@https://registry.npmjs.org/@protobufjs/fetch/-/fetch-1.1.1.tgz 0ms (cache hit)
1024 http cache @protobufjs/aspromise@https://registry.npmjs.org/@protobufjs/aspromise/-/aspromise-1.1.2.tgz 0ms (cache hit)
1025 http cache yocto-queue@https://registry.npmjs.org/yocto-queue/-/yocto-queue-0.1.0.tgz 0ms (cache hit)
1026 http cache whatwg-url@https://registry.npmjs.org/whatwg-url/-/whatwg-url-5.0.0.tgz 0ms (cache hit)
1027 http cache wrappy@https://registry.npmjs.org/wrappy/-/wrappy-1.0.2.tgz 0ms (cache hit)
1028 http cache yallist@https://registry.npmjs.org/yallist/-/yallist-4.0.0.tgz 0ms (cache hit)
1029 http cache lru-cache@https://registry.npmjs.org/lru-cache/-/lru-cache-6.0.0.tgz 0ms (cache hit)
1030 http cache lodash.clonedeep@https://registry.npmjs.org/lodash.clonedeep/-/lodash.clonedeep-4.5.0.tgz 0ms (cache hit)
1031 http cache buffer-equal-constant-time@https://registry.npmjs.org/buffer-equal-constant-time/-/buffer-equal-constant-time-1.0.1.tgz 0ms (cache hit)
1032 http cache jwa@https://registry.npmjs.org/jwa/-/jwa-2.0.1.tgz 0ms (cache hit)
1033 http cache undici-types@https://registry.npmjs.org/undici-types/-/undici-types-7.24.6.tgz 0ms (cache hit)
1034 http cache @types/ms@https://registry.npmjs.org/@types/ms/-/ms-2.1.0.tgz 0ms (cache hit)
1035 http cache limiter@https://registry.npmjs.org/limiter/-/limiter-1.1.5.tgz 0ms (cache hit)
1036 http cache @types/node@https://registry.npmjs.org/@types/node/-/node-25.9.1.tgz 0ms (cache hit)
1037 http cache lru-memoizer@https://registry.npmjs.org/lru-memoizer/-/lru-memoizer-2.3.0.tgz 0ms (cache hit)
1038 http cache @types/jsonwebtoken@https://registry.npmjs.org/@types/jsonwebtoken/-/jsonwebtoken-9.0.10.tgz 0ms (cache hit)
1039 http cache jose@https://registry.npmjs.org/jose/-/jose-4.15.9.tgz 0ms (cache hit)
1040 http cache semver@https://registry.npmjs.org/semver/-/semver-7.8.1.tgz 0ms (cache hit)
1041 http cache lodash.once@https://registry.npmjs.org/lodash.once/-/lodash.once-4.1.1.tgz 0ms (cache hit)
1042 http cache lodash.isstring@https://registry.npmjs.org/lodash.isstring/-/lodash.isstring-4.0.1.tgz 0ms (cache hit)
1043 http cache lodash.isplainobject@https://registry.npmjs.org/lodash.isplainobject/-/lodash.isplainobject-4.0.6.tgz 0ms (cache hit)
1044 http cache lodash.isnumber@https://registry.npmjs.org/lodash.isnumber/-/lodash.isnumber-3.0.3.tgz 0ms (cache hit)
1045 http cache lodash.isinteger@https://registry.npmjs.org/lodash.isinteger/-/lodash.isinteger-4.0.4.tgz 0ms (cache hit)
1046 http cache lodash.includes@https://registry.npmjs.org/lodash.includes/-/lodash.includes-4.3.0.tgz 0ms (cache hit)
1047 http cache lodash.isboolean@https://registry.npmjs.org/lodash.isboolean/-/lodash.isboolean-3.0.3.tgz 0ms (cache hit)
1048 http cache ms@https://registry.npmjs.org/ms/-/ms-2.1.3.tgz 0ms (cache hit)
1049 http cache bignumber.js@https://registry.npmjs.org/bignumber.js/-/bignumber.js-9.3.1.tgz 0ms (cache hit)
1050 http cache debug@https://registry.npmjs.org/debug/-/debug-4.4.3.tgz 0ms (cache hit)
1051 http cache yargs@https://registry.npmjs.org/yargs/-/yargs-17.7.2.tgz 0ms (cache hit)
1052 http cache long@https://registry.npmjs.org/long/-/long-5.3.2.tgz 0ms (cache hit)
1053 http cache agent-base@https://registry.npmjs.org/agent-base/-/agent-base-7.1.4.tgz 0ms (cache hit)
1054 http cache lodash.camelcase@https://registry.npmjs.org/lodash.camelcase/-/lodash.camelcase-4.3.0.tgz 0ms (cache hit)
1055 http cache @js-sdsl/ordered-map@https://registry.npmjs.org/@js-sdsl/ordered-map/-/ordered-map-4.4.2.tgz 0ms (cache hit)
1056 http cache object-hash@https://registry.npmjs.org/object-hash/-/object-hash-3.0.0.tgz 0ms (cache hit)
1057 http cache @types/long@https://registry.npmjs.org/@types/long/-/long-4.0.2.tgz 0ms (cache hit)
1058 http cache proto3-json-serializer@https://registry.npmjs.org/proto3-json-serializer/-/proto3-json-serializer-2.0.2.tgz 0ms (cache hit)
1059 http cache @grpc/proto-loader@https://registry.npmjs.org/@grpc/proto-loader/-/proto-loader-0.7.15.tgz 0ms (cache hit)
1060 http cache safe-buffer@https://registry.npmjs.org/safe-buffer/-/safe-buffer-5.2.1.tgz 0ms (cache hit)
1061 http cache json-bigint@https://registry.npmjs.org/json-bigint/-/json-bigint-1.0.0.tgz 0ms (cache hit)
1062 http cache jws@https://registry.npmjs.org/jws/-/jws-4.0.1.tgz 0ms (cache hit)
1063 http cache google-logging-utils@https://registry.npmjs.org/google-logging-utils/-/google-logging-utils-1.1.3.tgz 0ms (cache hit)
1064 http cache gcp-metadata@https://registry.npmjs.org/gcp-metadata/-/gcp-metadata-8.1.2.tgz 0ms (cache hit)
1065 http cache ecdsa-sig-formatter@https://registry.npmjs.org/ecdsa-sig-formatter/-/ecdsa-sig-formatter-1.0.11.tgz 0ms (cache hit)
1066 http cache base64-js@https://registry.npmjs.org/base64-js/-/base64-js-1.5.1.tgz 0ms (cache hit)
1067 http cache node-fetch@https://registry.npmjs.org/node-fetch/-/node-fetch-2.7.0.tgz 0ms (cache hit)
1068 http cache is-stream@https://registry.npmjs.org/is-stream/-/is-stream-2.0.1.tgz 0ms (cache hit)
1069 http cache @grpc/grpc-js@https://registry.npmjs.org/@grpc/grpc-js/-/grpc-js-1.14.4.tgz 0ms (cache hit)
1070 http cache websocket-driver@https://registry.npmjs.org/websocket-driver/-/websocket-driver-0.7.4.tgz 0ms (cache hit)
1071 http cache https-proxy-agent@https://registry.npmjs.org/https-proxy-agent/-/https-proxy-agent-7.0.6.tgz 0ms (cache hit)
1072 http cache strnum@https://registry.npmjs.org/strnum/-/strnum-2.3.0.tgz 0ms (cache hit)
1073 http cache xml-naming@https://registry.npmjs.org/xml-naming/-/xml-naming-0.1.0.tgz 0ms (cache hit)
1074 http cache path-expression-matcher@https://registry.npmjs.org/path-expression-matcher/-/path-expression-matcher-1.5.0.tgz 0ms (cache hit)
1075 http cache @nodable/entities@https://registry.npmjs.org/@nodable/entities/-/entities-2.1.1.tgz 0ms (cache hit)
1076 http cache once@https://registry.npmjs.org/once/-/once-1.4.0.tgz 1ms (cache hit)
1077 http cache fast-xml-builder@https://registry.npmjs.org/fast-xml-builder/-/fast-xml-builder-1.2.0.tgz 0ms (cache hit)
1078 http cache stream-shift@https://registry.npmjs.org/stream-shift/-/stream-shift-1.0.3.tgz 0ms (cache hit)
1079 http cache readable-stream@https://registry.npmjs.org/readable-stream/-/readable-stream-3.6.2.tgz 0ms (cache hit)
1080 http cache end-of-stream@https://registry.npmjs.org/end-of-stream/-/end-of-stream-1.4.5.tgz 0ms (cache hit)
1081 http cache retry@https://registry.npmjs.org/retry/-/retry-0.13.1.tgz 0ms (cache hit)
1082 http cache event-target-shim@https://registry.npmjs.org/event-target-shim/-/event-target-shim-5.0.1.tgz 0ms (cache hit)
1083 http cache inherits@https://registry.npmjs.org/inherits/-/inherits-2.0.4.tgz 0ms (cache hit)
1084 http cache extend@https://registry.npmjs.org/extend/-/extend-3.0.2.tgz 0ms (cache hit)
1085 http cache arrify@https://registry.npmjs.org/arrify/-/arrify-2.0.1.tgz 0ms (cache hit)
1086 http cache teeny-request@https://registry.npmjs.org/teeny-request/-/teeny-request-9.0.0.tgz 0ms (cache hit)
1087 http cache uuid@https://registry.npmjs.org/uuid/-/uuid-8.3.2.tgz 0ms (cache hit)
1088 http cache retry-request@https://registry.npmjs.org/retry-request/-/retry-request-7.0.2.tgz 0ms (cache hit)
1089 http cache p-limit@https://registry.npmjs.org/p-limit/-/p-limit-3.1.0.tgz 0ms (cache hit)
1090 http cache mime@https://registry.npmjs.org/mime/-/mime-3.0.0.tgz 0ms (cache hit)
1091 http cache html-entities@https://registry.npmjs.org/html-entities/-/html-entities-2.6.0.tgz 0ms (cache hit)
1092 http cache gaxios@https://registry.npmjs.org/gaxios/-/gaxios-6.7.1.tgz 0ms (cache hit)
1093 http cache duplexify@https://registry.npmjs.org/duplexify/-/duplexify-4.1.3.tgz 0ms (cache hit)
1094 http cache fast-xml-parser@https://registry.npmjs.org/fast-xml-parser/-/fast-xml-parser-5.8.0.tgz 0ms (cache hit)
1095 http cache abort-controller@https://registry.npmjs.org/abort-controller/-/abort-controller-3.0.0.tgz 0ms (cache hit)
1096 http cache @google-cloud/projectify@https://registry.npmjs.org/@google-cloud/projectify/-/projectify-4.0.0.tgz 0ms (cache hit)
1097 http cache async-retry@https://registry.npmjs.org/async-retry/-/async-retry-1.3.3.tgz 0ms (cache hit)
1098 http cache @google-cloud/promisify@https://registry.npmjs.org/@google-cloud/promisify/-/promisify-4.0.0.tgz 0ms (cache hit)
1099 http cache @google-cloud/paginator@https://registry.npmjs.org/@google-cloud/paginator/-/paginator-5.0.2.tgz 0ms (cache hit)
1100 http cache google-gax@https://registry.npmjs.org/google-gax/-/google-gax-4.6.1.tgz 0ms (cache hit)
1101 http cache protobufjs@https://registry.npmjs.org/protobufjs/-/protobufjs-7.6.2.tgz 0ms (cache hit)
1102 http cache functional-red-black-tree@https://registry.npmjs.org/functional-red-black-tree/-/functional-red-black-tree-1.0.1.tgz 1ms (cache hit)
1103 http cache @opentelemetry/api@https://registry.npmjs.org/@opentelemetry/api/-/api-1.9.1.tgz 0ms (cache hit)
1104 http cache @firebase/app-types@https://registry.npmjs.org/@firebase/app-types/-/app-types-0.9.5.tgz 0ms (cache hit)
1105 http cache @firebase/auth-interop-types@https://registry.npmjs.org/@firebase/auth-interop-types/-/auth-interop-types-0.2.5.tgz 0ms (cache hit)
1106 http cache faye-websocket@https://registry.npmjs.org/faye-websocket/-/faye-websocket-0.11.4.tgz 0ms (cache hit)
1107 http cache tslib@https://registry.npmjs.org/tslib/-/tslib-2.8.1.tgz 0ms (cache hit)
1108 http cache @firebase/app-check-interop-types@https://registry.npmjs.org/@firebase/app-check-interop-types/-/app-check-interop-types-0.3.4.tgz 0ms (cache hit)
1109 http cache @firebase/util@https://registry.npmjs.org/@firebase/util/-/util-1.15.1.tgz 0ms (cache hit)
1110 http cache @firebase/database@https://registry.npmjs.org/@firebase/database/-/database-1.1.3.tgz 0ms (cache hit)
1111 http cache @firebase/component@https://registry.npmjs.org/@firebase/component/-/component-0.7.3.tgz 0ms (cache hit)
1112 http cache @firebase/logger@https://registry.npmjs.org/@firebase/logger/-/logger-0.5.1.tgz 0ms (cache hit)
1113 http cache jwks-rsa@https://registry.npmjs.org/jwks-rsa/-/jwks-rsa-3.2.2.tgz 0ms (cache hit)
1114 http cache jsonwebtoken@https://registry.npmjs.org/jsonwebtoken/-/jsonwebtoken-9.0.3.tgz 0ms (cache hit)
1115 http cache google-auth-library@https://registry.npmjs.org/google-auth-library/-/google-auth-library-10.6.2.tgz 0ms (cache hit)
1116 http cache @google-cloud/storage@https://registry.npmjs.org/@google-cloud/storage/-/storage-7.19.0.tgz 0ms (cache hit)
1117 http cache fast-deep-equal@https://registry.npmjs.org/fast-deep-equal/-/fast-deep-equal-3.1.3.tgz 0ms (cache hit)
1118 http cache farmhash-modern@https://registry.npmjs.org/farmhash-modern/-/farmhash-modern-1.1.0.tgz 0ms (cache hit)
1119 http cache @firebase/database-types@https://registry.npmjs.org/@firebase/database-types/-/database-types-1.0.20.tgz 0ms (cache hit)
1120 http cache @firebase/database-compat@https://registry.npmjs.org/@firebase/database-compat/-/database-compat-2.1.4.tgz 0ms (cache hit)
1121 http cache @google-cloud/firestore@https://registry.npmjs.org/@google-cloud/firestore/-/firestore-7.11.6.tgz 0ms (cache hit)
1122 http cache @fastify/busboy@https://registry.npmjs.org/@fastify/busboy/-/busboy-3.2.0.tgz 0ms (cache hit)
1123 http cache @grpc/proto-loader@https://registry.npmjs.org/@grpc/proto-loader/-/proto-loader-0.8.1.tgz 0ms (cache hit)
1124 http cache firebase-admin@https://registry.npmjs.org/firebase-admin/-/firebase-admin-13.10.0.tgz 0ms (cache hit)
1125 http cache agent-base@https://registry.npmjs.org/agent-base/-/agent-base-6.0.2.tgz 0ms (cache hit)
1126 http cache node-fetch@https://registry.npmjs.org/node-fetch/-/node-fetch-3.3.2.tgz 0ms (cache hit)
1127 http cache uuid@https://registry.npmjs.org/uuid/-/uuid-9.0.1.tgz 0ms (cache hit)
1128 http cache agent-base@https://registry.npmjs.org/agent-base/-/agent-base-6.0.2.tgz 0ms (cache hit)
1129 http cache gaxios@https://registry.npmjs.org/gaxios/-/gaxios-7.1.4.tgz 0ms (cache hit)
1130 http cache https-proxy-agent@https://registry.npmjs.org/https-proxy-agent/-/https-proxy-agent-5.0.1.tgz 0ms (cache hit)
1131 http cache google-logging-utils@https://registry.npmjs.org/google-logging-utils/-/google-logging-utils-0.0.2.tgz 0ms (cache hit)
1132 http cache uuid@https://registry.npmjs.org/uuid/-/uuid-9.0.1.tgz 0ms (cache hit)
1133 http cache uuid@https://registry.npmjs.org/uuid/-/uuid-9.0.1.tgz 0ms (cache hit)
1134 http cache gcp-metadata@https://registry.npmjs.org/gcp-metadata/-/gcp-metadata-6.1.1.tgz 0ms (cache hit)
1135 http cache google-logging-utils@https://registry.npmjs.org/google-logging-utils/-/google-logging-utils-0.0.2.tgz 0ms (cache hit)
1136 http cache google-auth-library@https://registry.npmjs.org/google-auth-library/-/google-auth-library-9.15.1.tgz 0ms (cache hit)
1137 http cache node-fetch@https://registry.npmjs.org/node-fetch/-/node-fetch-3.3.2.tgz 0ms (cache hit)
1138 http cache gaxios@https://registry.npmjs.org/gaxios/-/gaxios-7.1.4.tgz 0ms (cache hit)
1139 http cache google-auth-library@https://registry.npmjs.org/google-auth-library/-/google-auth-library-9.15.1.tgz 0ms (cache hit)
1140 http cache gcp-metadata@https://registry.npmjs.org/gcp-metadata/-/gcp-metadata-6.1.1.tgz 0ms (cache hit)
1141 silly tarball no local data for node-domexception@https://registry.npmjs.org/node-domexception/-/node-domexception-1.0.0.tgz. Extracting by manifest.
1142 silly tarball no local data for formdata-polyfill@https://registry.npmjs.org/formdata-polyfill/-/formdata-polyfill-4.0.10.tgz. Extracting by manifest.
1143 silly tarball no local data for data-uri-to-buffer@https://registry.npmjs.org/data-uri-to-buffer/-/data-uri-to-buffer-4.0.1.tgz. Extracting by manifest.
1144 silly tarball no local data for color-name@https://registry.npmjs.org/color-name/-/color-name-1.1.4.tgz. Extracting by manifest.
1145 silly tarball no local data for web-streams-polyfill@https://registry.npmjs.org/web-streams-polyfill/-/web-streams-polyfill-3.3.3.tgz. Extracting by manifest.
1146 silly tarball no local data for fetch-blob@https://registry.npmjs.org/fetch-blob/-/fetch-blob-3.2.0.tgz. Extracting by manifest.
1147 silly tarball no local data for color-convert@https://registry.npmjs.org/color-convert/-/color-convert-2.0.1.tgz. Extracting by manifest.
1148 silly tarball no local data for ansi-regex@https://registry.npmjs.org/ansi-regex/-/ansi-regex-5.0.1.tgz. Extracting by manifest.
1149 silly tarball no local data for ansi-styles@https://registry.npmjs.org/ansi-styles/-/ansi-styles-4.3.0.tgz. Extracting by manifest.
1150 silly tarball no local data for is-fullwidth-code-point@https://registry.npmjs.org/is-fullwidth-code-point/-/is-fullwidth-code-point-3.0.0.tgz. Extracting by manifest.
1151 silly tarball no local data for emoji-regex@https://registry.npmjs.org/emoji-regex/-/emoji-regex-8.0.0.tgz. Extracting by manifest.
1152 silly tarball no local data for wrap-ansi@https://registry.npmjs.org/wrap-ansi/-/wrap-ansi-7.0.0.tgz. Extracting by manifest.
1153 silly tarball no local data for strip-ansi@https://registry.npmjs.org/strip-ansi/-/strip-ansi-6.0.1.tgz. Extracting by manifest.
1154 silly tarball no local data for y18n@https://registry.npmjs.org/y18n/-/y18n-5.0.8.tgz. Extracting by manifest.
1155 silly tarball no local data for string-width@https://registry.npmjs.org/string-width/-/string-width-4.2.3.tgz. Extracting by manifest.
1156 silly tarball no local data for gtoken@https://registry.npmjs.org/gtoken/-/gtoken-7.1.0.tgz. Extracting by manifest.
1157 silly tarball no local data for require-directory@https://registry.npmjs.org/require-directory/-/require-directory-2.1.1.tgz. Extracting by manifest.
1158 silly tarball no local data for yargs-parser@https://registry.npmjs.org/yargs-parser/-/yargs-parser-21.1.1.tgz. Extracting by manifest.
1159 silly tarball no local data for get-caller-file@https://registry.npmjs.org/get-caller-file/-/get-caller-file-2.0.5.tgz. Extracting by manifest.
1160 silly tarball no local data for cliui@https://registry.npmjs.org/cliui/-/cliui-8.0.1.tgz. Extracting by manifest.
1161 silly tarball no local data for escalade@https://registry.npmjs.org/escalade/-/escalade-3.2.0.tgz. Extracting by manifest.
1162 silly tarball no local data for tr46@https://registry.npmjs.org/tr46/-/tr46-0.0.3.tgz. Extracting by manifest.
1163 silly tarball no local data for webidl-conversions@https://registry.npmjs.org/webidl-conversions/-/webidl-conversions-3.0.1.tgz. Extracting by manifest.
1164 silly tarball no local data for websocket-extensions@https://registry.npmjs.org/websocket-extensions/-/websocket-extensions-0.1.4.tgz. Extracting by manifest.
1165 silly tarball no local data for http-parser-js@https://registry.npmjs.org/http-parser-js/-/http-parser-js-0.5.10.tgz. Extracting by manifest.
1166 silly tarball no local data for stubs@https://registry.npmjs.org/stubs/-/stubs-3.0.0.tgz. Extracting by manifest.
1167 silly tarball no local data for stream-events@https://registry.npmjs.org/stream-events/-/stream-events-1.0.5.tgz. Extracting by manifest.
1168 silly tarball no local data for http-proxy-agent@https://registry.npmjs.org/http-proxy-agent/-/http-proxy-agent-5.0.0.tgz. Extracting by manifest.
1169 silly tarball no local data for mime-db@https://registry.npmjs.org/mime-db/-/mime-db-1.52.0.tgz. Extracting by manifest.
1170 silly tarball no local data for @tootallnate/once@https://registry.npmjs.org/@tootallnate/once/-/once-2.0.1.tgz. Extracting by manifest.
1171 silly tarball no local data for dunder-proto@https://registry.npmjs.org/dunder-proto/-/dunder-proto-1.0.1.tgz. Extracting by manifest.
1172 silly tarball no local data for math-intrinsics@https://registry.npmjs.org/math-intrinsics/-/math-intrinsics-1.1.0.tgz. Extracting by manifest.
1173 silly tarball no local data for has-symbols@https://registry.npmjs.org/has-symbols/-/has-symbols-1.1.0.tgz. Extracting by manifest.
1174 silly tarball no local data for gopd@https://registry.npmjs.org/gopd/-/gopd-1.2.0.tgz. Extracting by manifest.
1175 silly tarball no local data for get-proto@https://registry.npmjs.org/get-proto/-/get-proto-1.0.1.tgz. Extracting by manifest.
1176 silly tarball no local data for function-bind@https://registry.npmjs.org/function-bind/-/function-bind-1.1.2.tgz. Extracting by manifest.
1177 silly tarball no local data for es-define-property@https://registry.npmjs.org/es-define-property/-/es-define-property-1.0.1.tgz. Extracting by manifest.
1178 silly tarball no local data for es-object-atoms@https://registry.npmjs.org/es-object-atoms/-/es-object-atoms-1.1.2.tgz. Extracting by manifest.
1179 silly tarball no local data for call-bind-apply-helpers@https://registry.npmjs.org/call-bind-apply-helpers/-/call-bind-apply-helpers-1.0.2.tgz. Extracting by manifest.
1180 silly tarball no local data for has-tostringtag@https://registry.npmjs.org/has-tostringtag/-/has-tostringtag-1.0.2.tgz. Extracting by manifest.
1181 silly tarball no local data for es-errors@https://registry.npmjs.org/es-errors/-/es-errors-1.3.0.tgz. Extracting by manifest.
1182 silly tarball no local data for delayed-stream@https://registry.npmjs.org/delayed-stream/-/delayed-stream-1.0.0.tgz. Extracting by manifest.
1183 silly tarball no local data for mime-types@https://registry.npmjs.org/mime-types/-/mime-types-2.1.35.tgz. Extracting by manifest.
1184 silly tarball no local data for get-intrinsic@https://registry.npmjs.org/get-intrinsic/-/get-intrinsic-1.3.0.tgz. Extracting by manifest.
1185 silly tarball no local data for hasown@https://registry.npmjs.org/hasown/-/hasown-2.0.4.tgz. Extracting by manifest.
1186 silly tarball no local data for asynckit@https://registry.npmjs.org/asynckit/-/asynckit-0.4.0.tgz. Extracting by manifest.
1187 silly tarball no local data for form-data@https://registry.npmjs.org/form-data/-/form-data-2.5.5.tgz. Extracting by manifest.
1188 silly tarball no local data for @types/tough-cookie@https://registry.npmjs.org/@types/tough-cookie/-/tough-cookie-4.0.5.tgz. Extracting by manifest.
1189 silly tarball no local data for @types/caseless@https://registry.npmjs.org/@types/caseless/-/caseless-0.12.5.tgz. Extracting by manifest.
1190 silly tarball no local data for @types/request@https://registry.npmjs.org/@types/request/-/request-2.48.13.tgz. Extracting by manifest.
1191 silly tarball no local data for util-deprecate@https://registry.npmjs.org/util-deprecate/-/util-deprecate-1.0.2.tgz. Extracting by manifest.
1192 silly tarball no local data for string_decoder@https://registry.npmjs.org/string_decoder/-/string_decoder-1.3.0.tgz. Extracting by manifest.
1193 silly tarball no local data for es-set-tostringtag@https://registry.npmjs.org/es-set-tostringtag/-/es-set-tostringtag-2.1.0.tgz. Extracting by manifest.
1194 silly tarball no local data for @protobufjs/utf8@https://registry.npmjs.org/@protobufjs/utf8/-/utf8-1.1.1.tgz. Extracting by manifest.
1195 silly tarball no local data for @protobufjs/pool@https://registry.npmjs.org/@protobufjs/pool/-/pool-1.1.0.tgz. Extracting by manifest.
1196 silly tarball no local data for combined-stream@https://registry.npmjs.org/combined-stream/-/combined-stream-1.0.8.tgz. Extracting by manifest.
1197 silly tarball no local data for @protobufjs/inquire@https://registry.npmjs.org/@protobufjs/inquire/-/inquire-1.1.2.tgz. Extracting by manifest.
1198 silly tarball no local data for @protobufjs/path@https://registry.npmjs.org/@protobufjs/path/-/path-1.1.2.tgz. Extracting by manifest.
1199 silly tarball no local data for @protobufjs/float@https://registry.npmjs.org/@protobufjs/float/-/float-1.0.2.tgz. Extracting by manifest.
1200 silly tarball no local data for @protobufjs/eventemitter@https://registry.npmjs.org/@protobufjs/eventemitter/-/eventemitter-1.1.1.tgz. Extracting by manifest.
1201 silly tarball no local data for @protobufjs/codegen@https://registry.npmjs.org/@protobufjs/codegen/-/codegen-2.0.5.tgz. Extracting by manifest.
1202 silly tarball no local data for @protobufjs/base64@https://registry.npmjs.org/@protobufjs/base64/-/base64-1.1.2.tgz. Extracting by manifest.
1203 silly tarball no local data for @protobufjs/fetch@https://registry.npmjs.org/@protobufjs/fetch/-/fetch-1.1.1.tgz. Extracting by manifest.
1204 silly tarball no local data for @protobufjs/aspromise@https://registry.npmjs.org/@protobufjs/aspromise/-/aspromise-1.1.2.tgz. Extracting by manifest.
1205 silly tarball no local data for yocto-queue@https://registry.npmjs.org/yocto-queue/-/yocto-queue-0.1.0.tgz. Extracting by manifest.
1206 silly tarball no local data for whatwg-url@https://registry.npmjs.org/whatwg-url/-/whatwg-url-5.0.0.tgz. Extracting by manifest.
1207 silly tarball no local data for wrappy@https://registry.npmjs.org/wrappy/-/wrappy-1.0.2.tgz. Extracting by manifest.
1208 silly tarball no local data for yallist@https://registry.npmjs.org/yallist/-/yallist-4.0.0.tgz. Extracting by manifest.
1209 silly tarball no local data for lru-cache@https://registry.npmjs.org/lru-cache/-/lru-cache-6.0.0.tgz. Extracting by manifest.
1210 silly tarball no local data for lodash.clonedeep@https://registry.npmjs.org/lodash.clonedeep/-/lodash.clonedeep-4.5.0.tgz. Extracting by manifest.
1211 silly tarball no local data for buffer-equal-constant-time@https://registry.npmjs.org/buffer-equal-constant-time/-/buffer-equal-constant-time-1.0.1.tgz. Extracting by manifest.
1212 silly tarball no local data for jwa@https://registry.npmjs.org/jwa/-/jwa-2.0.1.tgz. Extracting by manifest.
1213 silly tarball no local data for undici-types@https://registry.npmjs.org/undici-types/-/undici-types-7.24.6.tgz. Extracting by manifest.
1214 silly tarball no local data for @types/ms@https://registry.npmjs.org/@types/ms/-/ms-2.1.0.tgz. Extracting by manifest.
1215 silly tarball no local data for limiter@https://registry.npmjs.org/limiter/-/limiter-1.1.5.tgz. Extracting by manifest.
1216 silly tarball no local data for @types/node@https://registry.npmjs.org/@types/node/-/node-25.9.1.tgz. Extracting by manifest.
1217 silly tarball no local data for lru-memoizer@https://registry.npmjs.org/lru-memoizer/-/lru-memoizer-2.3.0.tgz. Extracting by manifest.
1218 silly tarball no local data for @types/jsonwebtoken@https://registry.npmjs.org/@types/jsonwebtoken/-/jsonwebtoken-9.0.10.tgz. Extracting by manifest.
1219 silly tarball no local data for jose@https://registry.npmjs.org/jose/-/jose-4.15.9.tgz. Extracting by manifest.
1220 silly tarball no local data for semver@https://registry.npmjs.org/semver/-/semver-7.8.1.tgz. Extracting by manifest.
1221 silly tarball no local data for lodash.once@https://registry.npmjs.org/lodash.once/-/lodash.once-4.1.1.tgz. Extracting by manifest.
1222 silly tarball no local data for lodash.isstring@https://registry.npmjs.org/lodash.isstring/-/lodash.isstring-4.0.1.tgz. Extracting by manifest.
1223 silly tarball no local data for lodash.isplainobject@https://registry.npmjs.org/lodash.isplainobject/-/lodash.isplainobject-4.0.6.tgz. Extracting by manifest.
1224 silly tarball no local data for lodash.isnumber@https://registry.npmjs.org/lodash.isnumber/-/lodash.isnumber-3.0.3.tgz. Extracting by manifest.
1225 silly tarball no local data for lodash.isinteger@https://registry.npmjs.org/lodash.isinteger/-/lodash.isinteger-4.0.4.tgz. Extracting by manifest.
1226 silly tarball no local data for lodash.includes@https://registry.npmjs.org/lodash.includes/-/lodash.includes-4.3.0.tgz. Extracting by manifest.
1227 silly tarball no local data for lodash.isboolean@https://registry.npmjs.org/lodash.isboolean/-/lodash.isboolean-3.0.3.tgz. Extracting by manifest.
1228 silly tarball no local data for ms@https://registry.npmjs.org/ms/-/ms-2.1.3.tgz. Extracting by manifest.
1229 silly tarball no local data for bignumber.js@https://registry.npmjs.org/bignumber.js/-/bignumber.js-9.3.1.tgz. Extracting by manifest.
1230 silly tarball no local data for debug@https://registry.npmjs.org/debug/-/debug-4.4.3.tgz. Extracting by manifest.
1231 silly tarball no local data for yargs@https://registry.npmjs.org/yargs/-/yargs-17.7.2.tgz. Extracting by manifest.
1232 silly tarball no local data for long@https://registry.npmjs.org/long/-/long-5.3.2.tgz. Extracting by manifest.
1233 silly tarball no local data for agent-base@https://registry.npmjs.org/agent-base/-/agent-base-7.1.4.tgz. Extracting by manifest.
1234 silly tarball no local data for lodash.camelcase@https://registry.npmjs.org/lodash.camelcase/-/lodash.camelcase-4.3.0.tgz. Extracting by manifest.
1235 silly tarball no local data for @js-sdsl/ordered-map@https://registry.npmjs.org/@js-sdsl/ordered-map/-/ordered-map-4.4.2.tgz. Extracting by manifest.
1236 silly tarball no local data for object-hash@https://registry.npmjs.org/object-hash/-/object-hash-3.0.0.tgz. Extracting by manifest.
1237 silly tarball no local data for @types/long@https://registry.npmjs.org/@types/long/-/long-4.0.2.tgz. Extracting by manifest.
1238 silly tarball no local data for proto3-json-serializer@https://registry.npmjs.org/proto3-json-serializer/-/proto3-json-serializer-2.0.2.tgz. Extracting by manifest.
1239 silly tarball no local data for @grpc/proto-loader@https://registry.npmjs.org/@grpc/proto-loader/-/proto-loader-0.7.15.tgz. Extracting by manifest.
1240 silly tarball no local data for safe-buffer@https://registry.npmjs.org/safe-buffer/-/safe-buffer-5.2.1.tgz. Extracting by manifest.
1241 silly tarball no local data for json-bigint@https://registry.npmjs.org/json-bigint/-/json-bigint-1.0.0.tgz. Extracting by manifest.
1242 silly tarball no local data for jws@https://registry.npmjs.org/jws/-/jws-4.0.1.tgz. Extracting by manifest.
1243 silly tarball no local data for google-logging-utils@https://registry.npmjs.org/google-logging-utils/-/google-logging-utils-1.1.3.tgz. Extracting by manifest.
1244 silly tarball no local data for gcp-metadata@https://registry.npmjs.org/gcp-metadata/-/gcp-metadata-8.1.2.tgz. Extracting by manifest.
1245 silly tarball no local data for ecdsa-sig-formatter@https://registry.npmjs.org/ecdsa-sig-formatter/-/ecdsa-sig-formatter-1.0.11.tgz. Extracting by manifest.
1246 silly tarball no local data for base64-js@https://registry.npmjs.org/base64-js/-/base64-js-1.5.1.tgz. Extracting by manifest.
1247 silly tarball no local data for node-fetch@https://registry.npmjs.org/node-fetch/-/node-fetch-2.7.0.tgz. Extracting by manifest.
1248 silly tarball no local data for is-stream@https://registry.npmjs.org/is-stream/-/is-stream-2.0.1.tgz. Extracting by manifest.
1249 silly tarball no local data for @grpc/grpc-js@https://registry.npmjs.org/@grpc/grpc-js/-/grpc-js-1.14.4.tgz. Extracting by manifest.
1250 silly tarball no local data for websocket-driver@https://registry.npmjs.org/websocket-driver/-/websocket-driver-0.7.4.tgz. Extracting by manifest.
1251 silly tarball no local data for https-proxy-agent@https://registry.npmjs.org/https-proxy-agent/-/https-proxy-agent-7.0.6.tgz. Extracting by manifest.
1252 silly tarball no local data for strnum@https://registry.npmjs.org/strnum/-/strnum-2.3.0.tgz. Extracting by manifest.
1253 silly tarball no local data for xml-naming@https://registry.npmjs.org/xml-naming/-/xml-naming-0.1.0.tgz. Extracting by manifest.
1254 silly tarball no local data for path-expression-matcher@https://registry.npmjs.org/path-expression-matcher/-/path-expression-matcher-1.5.0.tgz. Extracting by manifest.
1255 silly tarball no local data for @nodable/entities@https://registry.npmjs.org/@nodable/entities/-/entities-2.1.1.tgz. Extracting by manifest.
1256 silly tarball no local data for once@https://registry.npmjs.org/once/-/once-1.4.0.tgz. Extracting by manifest.
1257 silly tarball no local data for fast-xml-builder@https://registry.npmjs.org/fast-xml-builder/-/fast-xml-builder-1.2.0.tgz. Extracting by manifest.
1258 silly tarball no local data for stream-shift@https://registry.npmjs.org/stream-shift/-/stream-shift-1.0.3.tgz. Extracting by manifest.
1259 silly tarball no local data for readable-stream@https://registry.npmjs.org/readable-stream/-/readable-stream-3.6.2.tgz. Extracting by manifest.
1260 silly tarball no local data for end-of-stream@https://registry.npmjs.org/end-of-stream/-/end-of-stream-1.4.5.tgz. Extracting by manifest.
1261 silly tarball no local data for retry@https://registry.npmjs.org/retry/-/retry-0.13.1.tgz. Extracting by manifest.
1262 silly tarball no local data for event-target-shim@https://registry.npmjs.org/event-target-shim/-/event-target-shim-5.0.1.tgz. Extracting by manifest.
1263 silly tarball no local data for inherits@https://registry.npmjs.org/inherits/-/inherits-2.0.4.tgz. Extracting by manifest.
1264 silly tarball no local data for extend@https://registry.npmjs.org/extend/-/extend-3.0.2.tgz. Extracting by manifest.
1265 silly tarball no local data for arrify@https://registry.npmjs.org/arrify/-/arrify-2.0.1.tgz. Extracting by manifest.
1266 silly tarball no local data for teeny-request@https://registry.npmjs.org/teeny-request/-/teeny-request-9.0.0.tgz. Extracting by manifest.
1267 silly tarball no local data for uuid@https://registry.npmjs.org/uuid/-/uuid-8.3.2.tgz. Extracting by manifest.
1268 silly tarball no local data for retry-request@https://registry.npmjs.org/retry-request/-/retry-request-7.0.2.tgz. Extracting by manifest.
1269 silly tarball no local data for p-limit@https://registry.npmjs.org/p-limit/-/p-limit-3.1.0.tgz. Extracting by manifest.
1270 silly tarball no local data for mime@https://registry.npmjs.org/mime/-/mime-3.0.0.tgz. Extracting by manifest.
1271 silly tarball no local data for html-entities@https://registry.npmjs.org/html-entities/-/html-entities-2.6.0.tgz. Extracting by manifest.
1272 silly tarball no local data for gaxios@https://registry.npmjs.org/gaxios/-/gaxios-6.7.1.tgz. Extracting by manifest.
1273 silly tarball no local data for duplexify@https://registry.npmjs.org/duplexify/-/duplexify-4.1.3.tgz. Extracting by manifest.
1274 silly tarball no local data for fast-xml-parser@https://registry.npmjs.org/fast-xml-parser/-/fast-xml-parser-5.8.0.tgz. Extracting by manifest.
1275 silly tarball no local data for abort-controller@https://registry.npmjs.org/abort-controller/-/abort-controller-3.0.0.tgz. Extracting by manifest.
1276 silly tarball no local data for @google-cloud/projectify@https://registry.npmjs.org/@google-cloud/projectify/-/projectify-4.0.0.tgz. Extracting by manifest.
1277 silly tarball no local data for async-retry@https://registry.npmjs.org/async-retry/-/async-retry-1.3.3.tgz. Extracting by manifest.
1278 silly tarball no local data for @google-cloud/promisify@https://registry.npmjs.org/@google-cloud/promisify/-/promisify-4.0.0.tgz. Extracting by manifest.
1279 silly tarball no local data for @google-cloud/paginator@https://registry.npmjs.org/@google-cloud/paginator/-/paginator-5.0.2.tgz. Extracting by manifest.
1280 silly tarball no local data for google-gax@https://registry.npmjs.org/google-gax/-/google-gax-4.6.1.tgz. Extracting by manifest.
1281 silly tarball no local data for protobufjs@https://registry.npmjs.org/protobufjs/-/protobufjs-7.6.2.tgz. Extracting by manifest.
1282 silly tarball no local data for functional-red-black-tree@https://registry.npmjs.org/functional-red-black-tree/-/functional-red-black-tree-1.0.1.tgz. Extracting by manifest.
1283 silly tarball no local data for @opentelemetry/api@https://registry.npmjs.org/@opentelemetry/api/-/api-1.9.1.tgz. Extracting by manifest.
1284 silly tarball no local data for @firebase/app-types@https://registry.npmjs.org/@firebase/app-types/-/app-types-0.9.5.tgz. Extracting by manifest.
1285 silly tarball no local data for @firebase/auth-interop-types@https://registry.npmjs.org/@firebase/auth-interop-types/-/auth-interop-types-0.2.5.tgz. Extracting by manifest.
1286 silly tarball no local data for faye-websocket@https://registry.npmjs.org/faye-websocket/-/faye-websocket-0.11.4.tgz. Extracting by manifest.
1287 silly tarball no local data for tslib@https://registry.npmjs.org/tslib/-/tslib-2.8.1.tgz. Extracting by manifest.
1288 silly tarball no local data for @firebase/app-check-interop-types@https://registry.npmjs.org/@firebase/app-check-interop-types/-/app-check-interop-types-0.3.4.tgz. Extracting by manifest.
1289 silly tarball no local data for @firebase/util@https://registry.npmjs.org/@firebase/util/-/util-1.15.1.tgz. Extracting by manifest.
1290 silly tarball no local data for @firebase/database@https://registry.npmjs.org/@firebase/database/-/database-1.1.3.tgz. Extracting by manifest.
1291 silly tarball no local data for @firebase/component@https://registry.npmjs.org/@firebase/component/-/component-0.7.3.tgz. Extracting by manifest.
1292 silly tarball no local data for @firebase/logger@https://registry.npmjs.org/@firebase/logger/-/logger-0.5.1.tgz. Extracting by manifest.
1293 silly tarball no local data for jwks-rsa@https://registry.npmjs.org/jwks-rsa/-/jwks-rsa-3.2.2.tgz. Extracting by manifest.
1294 silly tarball no local data for jsonwebtoken@https://registry.npmjs.org/jsonwebtoken/-/jsonwebtoken-9.0.3.tgz. Extracting by manifest.
1295 silly tarball no local data for google-auth-library@https://registry.npmjs.org/google-auth-library/-/google-auth-library-10.6.2.tgz. Extracting by manifest.
1296 silly tarball no local data for @google-cloud/storage@https://registry.npmjs.org/@google-cloud/storage/-/storage-7.19.0.tgz. Extracting by manifest.
1297 silly tarball no local data for fast-deep-equal@https://registry.npmjs.org/fast-deep-equal/-/fast-deep-equal-3.1.3.tgz. Extracting by manifest.
1298 silly tarball no local data for farmhash-modern@https://registry.npmjs.org/farmhash-modern/-/farmhash-modern-1.1.0.tgz. Extracting by manifest.
1299 silly tarball no local data for @firebase/database-types@https://registry.npmjs.org/@firebase/database-types/-/database-types-1.0.20.tgz. Extracting by manifest.
1300 silly tarball no local data for @firebase/database-compat@https://registry.npmjs.org/@firebase/database-compat/-/database-compat-2.1.4.tgz. Extracting by manifest.
1301 silly tarball no local data for @google-cloud/firestore@https://registry.npmjs.org/@google-cloud/firestore/-/firestore-7.11.6.tgz. Extracting by manifest.
1302 silly tarball no local data for @fastify/busboy@https://registry.npmjs.org/@fastify/busboy/-/busboy-3.2.0.tgz. Extracting by manifest.
1303 silly tarball no local data for @grpc/proto-loader@https://registry.npmjs.org/@grpc/proto-loader/-/proto-loader-0.8.1.tgz. Extracting by manifest.
1304 silly tarball no local data for firebase-admin@https://registry.npmjs.org/firebase-admin/-/firebase-admin-13.10.0.tgz. Extracting by manifest.
1305 silly tarball no local data for agent-base@https://registry.npmjs.org/agent-base/-/agent-base-6.0.2.tgz. Extracting by manifest.
1306 silly tarball no local data for node-fetch@https://registry.npmjs.org/node-fetch/-/node-fetch-3.3.2.tgz. Extracting by manifest.
1307 silly tarball no local data for uuid@https://registry.npmjs.org/uuid/-/uuid-9.0.1.tgz. Extracting by manifest.
1308 silly tarball no local data for agent-base@https://registry.npmjs.org/agent-base/-/agent-base-6.0.2.tgz. Extracting by manifest.
1309 silly tarball no local data for gaxios@https://registry.npmjs.org/gaxios/-/gaxios-7.1.4.tgz. Extracting by manifest.
1310 silly tarball no local data for https-proxy-agent@https://registry.npmjs.org/https-proxy-agent/-/https-proxy-agent-5.0.1.tgz. Extracting by manifest.
1311 silly tarball no local data for google-logging-utils@https://registry.npmjs.org/google-logging-utils/-/google-logging-utils-0.0.2.tgz. Extracting by manifest.
1312 silly tarball no local data for uuid@https://registry.npmjs.org/uuid/-/uuid-9.0.1.tgz. Extracting by manifest.
1313 silly tarball no local data for uuid@https://registry.npmjs.org/uuid/-/uuid-9.0.1.tgz. Extracting by manifest.
1314 silly tarball no local data for gcp-metadata@https://registry.npmjs.org/gcp-metadata/-/gcp-metadata-6.1.1.tgz. Extracting by manifest.
1315 silly tarball no local data for google-logging-utils@https://registry.npmjs.org/google-logging-utils/-/google-logging-utils-0.0.2.tgz. Extracting by manifest.
1316 silly tarball no local data for google-auth-library@https://registry.npmjs.org/google-auth-library/-/google-auth-library-9.15.1.tgz. Extracting by manifest.
1317 silly tarball no local data for node-fetch@https://registry.npmjs.org/node-fetch/-/node-fetch-3.3.2.tgz. Extracting by manifest.
1318 silly tarball no local data for gaxios@https://registry.npmjs.org/gaxios/-/gaxios-7.1.4.tgz. Extracting by manifest.
1319 silly tarball no local data for google-auth-library@https://registry.npmjs.org/google-auth-library/-/google-auth-library-9.15.1.tgz. Extracting by manifest.
1320 silly tarball no local data for gcp-metadata@https://registry.npmjs.org/gcp-metadata/-/gcp-metadata-6.1.1.tgz. Extracting by manifest.
1321 http fetch POST 200 https://registry.npmjs.org/-/npm/v1/security/advisories/bulk 373ms
1322 silly audit report {
1322 silly audit report   uuid: [
1322 silly audit report     {
1322 silly audit report       id: 1119441,
1322 silly audit report       url: 'https://github.com/advisories/GHSA-w5hq-g745-h8pq',
1322 silly audit report       title: 'uuid: Missing buffer bounds check in v3/v5/v6 when buf is provided',
1322 silly audit report       severity: 'moderate',
1322 silly audit report       vulnerable_versions: '<11.1.1',
1322 silly audit report       cwe: [Array],
1322 silly audit report       cvss: [Object]
1322 silly audit report     }
1322 silly audit report   ]
1322 silly audit report }
1323 silly packumentCache corgi:https://registry.npmjs.org/uuid cache-miss
1324 http fetch GET 200 https://registry.npmjs.org/node-domexception/-/node-domexception-1.0.0.tgz 264ms (cache miss)
1325 http fetch GET 200 https://registry.npmjs.org/data-uri-to-buffer/-/data-uri-to-buffer-4.0.1.tgz 263ms (cache miss)
1326 http fetch GET 200 https://registry.npmjs.org/color-name/-/color-name-1.1.4.tgz 264ms (cache miss)
1327 http fetch GET 200 https://registry.npmjs.org/fetch-blob/-/fetch-blob-3.2.0.tgz 275ms (cache miss)
1328 http fetch GET 200 https://registry.npmjs.org/formdata-polyfill/-/formdata-polyfill-4.0.10.tgz 298ms (cache miss)
1329 http fetch GET 200 https://registry.npmjs.org/gtoken/-/gtoken-7.1.0.tgz 540ms (cache miss)
1330 http fetch GET 200 https://registry.npmjs.org/string-width/-/string-width-4.2.3.tgz 639ms (cache miss)
1331 http fetch GET 200 https://registry.npmjs.org/require-directory/-/require-directory-2.1.1.tgz 693ms (cache miss)
1332 http fetch GET 200 https://registry.npmjs.org/get-caller-file/-/get-caller-file-2.0.5.tgz 694ms (cache miss)
1333 http fetch GET 200 https://registry.npmjs.org/cliui/-/cliui-8.0.1.tgz 744ms (cache miss)
1334 http fetch GET 200 https://registry.npmjs.org/escalade/-/escalade-3.2.0.tgz 745ms (cache miss)
1335 http fetch GET 200 https://registry.npmjs.org/strip-ansi/-/strip-ansi-6.0.1.tgz 818ms (cache miss)
1336 http fetch GET 200 https://registry.npmjs.org/http-parser-js/-/http-parser-js-0.5.10.tgz 810ms (cache miss)
1337 http fetch GET 200 https://registry.npmjs.org/ansi-regex/-/ansi-regex-5.0.1.tgz 841ms (cache miss)
1338 http fetch GET 200 https://registry.npmjs.org/stubs/-/stubs-3.0.0.tgz 828ms (cache miss)
1339 http fetch GET 200 https://registry.npmjs.org/stream-events/-/stream-events-1.0.5.tgz 828ms (cache miss)
1340 http fetch GET 200 https://registry.npmjs.org/webidl-conversions/-/webidl-conversions-3.0.1.tgz 830ms (cache miss)
1341 http fetch GET 200 https://registry.npmjs.org/gopd/-/gopd-1.2.0.tgz 826ms (cache miss)
1342 http fetch GET 200 https://registry.npmjs.org/wrap-ansi/-/wrap-ansi-7.0.0.tgz 884ms (cache miss)
1343 http fetch GET 200 https://registry.npmjs.org/has-tostringtag/-/has-tostringtag-1.0.2.tgz 867ms (cache miss)
1344 http fetch GET 200 https://registry.npmjs.org/es-errors/-/es-errors-1.3.0.tgz 891ms (cache miss)
1345 http fetch GET 200 https://registry.npmjs.org/ansi-styles/-/ansi-styles-4.3.0.tgz 933ms (cache miss)
1346 http fetch GET 200 https://registry.npmjs.org/http-proxy-agent/-/http-proxy-agent-5.0.0.tgz 919ms (cache miss)
1347 http fetch GET 200 https://registry.npmjs.org/es-object-atoms/-/es-object-atoms-1.1.2.tgz 915ms (cache miss)
1348 http fetch GET 200 https://registry.npmjs.org/function-bind/-/function-bind-1.1.2.tgz 916ms (cache miss)
1349 http fetch GET 200 https://registry.npmjs.org/mime-db/-/mime-db-1.52.0.tgz 938ms (cache miss)
1350 http fetch GET 200 https://registry.npmjs.org/is-fullwidth-code-point/-/is-fullwidth-code-point-3.0.0.tgz 952ms (cache miss)
1351 http fetch GET 200 https://registry.npmjs.org/es-define-property/-/es-define-property-1.0.1.tgz 935ms (cache miss)
1352 http fetch GET 200 https://registry.npmjs.org/delayed-stream/-/delayed-stream-1.0.0.tgz 932ms (cache miss)
1353 http fetch GET 200 https://registry.npmjs.org/string_decoder/-/string_decoder-1.3.0.tgz 926ms (cache miss)
1354 http fetch GET 200 https://registry.npmjs.org/color-convert/-/color-convert-2.0.1.tgz 989ms (cache miss)
1355 http fetch GET 200 https://registry.npmjs.org/@types/tough-cookie/-/tough-cookie-4.0.5.tgz 964ms (cache miss)
1356 http fetch GET 200 https://registry.npmjs.org/es-set-tostringtag/-/es-set-tostringtag-2.1.0.tgz 961ms (cache miss)
1357 http fetch GET 200 https://registry.npmjs.org/buffer-equal-constant-time/-/buffer-equal-constant-time-1.0.1.tgz 951ms (cache miss)
1358 http fetch GET 200 https://registry.npmjs.org/util-deprecate/-/util-deprecate-1.0.2.tgz 974ms (cache miss)
1359 http fetch GET 200 https://registry.npmjs.org/@protobufjs/aspromise/-/aspromise-1.1.2.tgz 968ms (cache miss)
1360 http fetch GET 200 https://registry.npmjs.org/@protobufjs/fetch/-/fetch-1.1.1.tgz 968ms (cache miss)
1361 http fetch GET 200 https://registry.npmjs.org/whatwg-url/-/whatwg-url-5.0.0.tgz 968ms (cache miss)
1362 http fetch GET 200 https://registry.npmjs.org/get-proto/-/get-proto-1.0.1.tgz 1001ms (cache miss)
1363 http fetch GET 200 https://registry.npmjs.org/@protobufjs/eventemitter/-/eventemitter-1.1.1.tgz 988ms (cache miss)
1364 http fetch GET 200 https://registry.npmjs.org/@protobufjs/pool/-/pool-1.1.0.tgz 991ms (cache miss)
1365 http fetch GET 200 https://registry.npmjs.org/jwa/-/jwa-2.0.1.tgz 982ms (cache miss)
1366 http fetch GET 200 https://registry.npmjs.org/lodash.includes/-/lodash.includes-4.3.0.tgz 971ms (cache miss)
1367 http fetch GET 200 https://registry.npmjs.org/lodash.isboolean/-/lodash.isboolean-3.0.3.tgz 971ms (cache miss)
1368 http fetch GET 200 https://registry.npmjs.org/y18n/-/y18n-5.0.8.tgz 1027ms (cache miss)
1369 http fetch GET 200 https://registry.npmjs.org/hasown/-/hasown-2.0.4.tgz 1011ms (cache miss)
1370 http fetch GET 200 https://registry.npmjs.org/@types/caseless/-/caseless-0.12.5.tgz 1009ms (cache miss)
1371 http fetch GET 200 https://registry.npmjs.org/lodash.clonedeep/-/lodash.clonedeep-4.5.0.tgz 998ms (cache miss)
1372 http fetch GET 200 https://registry.npmjs.org/limiter/-/limiter-1.1.5.tgz 995ms (cache miss)
1373 http fetch GET 200 https://registry.npmjs.org/@types/ms/-/ms-2.1.0.tgz 997ms (cache miss)
1374 http fetch GET 200 https://registry.npmjs.org/safe-buffer/-/safe-buffer-5.2.1.tgz 981ms (cache miss)
1375 http fetch GET 200 https://registry.npmjs.org/lru-cache/-/lru-cache-6.0.0.tgz 1017ms (cache miss)
1376 http fetch GET 200 https://registry.npmjs.org/mime-types/-/mime-types-2.1.35.tgz 1041ms (cache miss)
1377 http fetch GET 200 https://registry.npmjs.org/@protobufjs/inquire/-/inquire-1.1.2.tgz 1033ms (cache miss)
1378 http fetch GET 200 https://registry.npmjs.org/@types/request/-/request-2.48.13.tgz 1038ms (cache miss)
1379 http fetch GET 200 https://registry.npmjs.org/@protobufjs/float/-/float-1.0.2.tgz 1032ms (cache miss)
1380 http fetch GET 200 https://registry.npmjs.org/yallist/-/yallist-4.0.0.tgz 1029ms (cache miss)
1381 http fetch GET 200 https://registry.npmjs.org/@types/jsonwebtoken/-/jsonwebtoken-9.0.10.tgz 1020ms (cache miss)
1382 http fetch GET 200 https://registry.npmjs.org/lodash.isstring/-/lodash.isstring-4.0.1.tgz 1020ms (cache miss)
1383 http fetch GET 200 https://registry.npmjs.org/is-stream/-/is-stream-2.0.1.tgz 1009ms (cache miss)
1384 http fetch GET 200 https://registry.npmjs.org/xml-naming/-/xml-naming-0.1.0.tgz 1008ms (cache miss)
1385 http fetch GET 200 https://registry.npmjs.org/combined-stream/-/combined-stream-1.0.8.tgz 1045ms (cache miss)
1386 http fetch GET 200 https://registry.npmjs.org/@protobufjs/path/-/path-1.1.2.tgz 1045ms (cache miss)
1387 http fetch GET 200 https://registry.npmjs.org/yocto-queue/-/yocto-queue-0.1.0.tgz 1042ms (cache miss)
1388 http fetch GET 200 https://registry.npmjs.org/@protobufjs/base64/-/base64-1.1.2.tgz 1045ms (cache miss)
1389 http fetch GET 200 https://registry.npmjs.org/@types/long/-/long-4.0.2.tgz 1023ms (cache miss)
1390 http fetch GET 200 https://registry.npmjs.org/json-bigint/-/json-bigint-1.0.0.tgz 1022ms (cache miss)
1391 http fetch GET 200 https://registry.npmjs.org/object-hash/-/object-hash-3.0.0.tgz 1026ms (cache miss)
1392 http fetch GET 200 https://registry.npmjs.org/lodash.camelcase/-/lodash.camelcase-4.3.0.tgz 1027ms (cache miss)
1393 http fetch GET 200 https://registry.npmjs.org/once/-/once-1.4.0.tgz 1019ms (cache miss)
1394 http fetch GET 200 https://registry.npmjs.org/inherits/-/inherits-2.0.4.tgz 1016ms (cache miss)
1395 http fetch GET 200 https://registry.npmjs.org/emoji-regex/-/emoji-regex-8.0.0.tgz 1085ms (cache miss)
1396 http fetch GET 200 https://registry.npmjs.org/call-bind-apply-helpers/-/call-bind-apply-helpers-1.0.2.tgz 1068ms (cache miss)
1397 http fetch GET 200 https://registry.npmjs.org/wrappy/-/wrappy-1.0.2.tgz 1052ms (cache miss)
1398 http fetch GET 200 https://registry.npmjs.org/@protobufjs/codegen/-/codegen-2.0.5.tgz 1055ms (cache miss)
1399 http fetch GET 200 https://registry.npmjs.org/@protobufjs/utf8/-/utf8-1.1.1.tgz 1059ms (cache miss)
1400 http fetch GET 200 https://registry.npmjs.org/ms/-/ms-2.1.3.tgz 1038ms (cache miss)
1401 http fetch GET 200 https://registry.npmjs.org/lodash.isinteger/-/lodash.isinteger-4.0.4.tgz 1039ms (cache miss)
1402 http fetch GET 200 https://registry.npmjs.org/lodash.isnumber/-/lodash.isnumber-3.0.3.tgz 1041ms (cache miss)
1403 http fetch GET 200 https://registry.npmjs.org/https-proxy-agent/-/https-proxy-agent-7.0.6.tgz 1029ms (cache miss)
1404 http fetch GET 200 https://registry.npmjs.org/stream-shift/-/stream-shift-1.0.3.tgz 1027ms (cache miss)
1405 http fetch GET 200 https://registry.npmjs.org/@google-cloud/projectify/-/projectify-4.0.0.tgz 1019ms (cache miss)
1406 http fetch GET 200 https://registry.npmjs.org/debug/-/debug-4.4.3.tgz 1045ms (cache miss)
1407 http fetch GET 200 https://registry.npmjs.org/lodash.once/-/lodash.once-4.1.1.tgz 1048ms (cache miss)
1408 http fetch GET 200 https://registry.npmjs.org/retry/-/retry-0.13.1.tgz 1030ms (cache miss)
1409 http fetch GET 200 https://registry.npmjs.org/arrify/-/arrify-2.0.1.tgz 1029ms (cache miss)
1410 http fetch GET 200 https://registry.npmjs.org/p-limit/-/p-limit-3.1.0.tgz 1028ms (cache miss)
1411 http fetch GET 200 https://registry.npmjs.org/retry-request/-/retry-request-7.0.2.tgz 1028ms (cache miss)
1412 http fetch GET 200 https://registry.npmjs.org/@google-cloud/promisify/-/promisify-4.0.0.tgz 1024ms (cache miss)
1413 http fetch GET 200 https://registry.npmjs.org/@firebase/app-types/-/app-types-0.9.5.tgz 1021ms (cache miss)
1414 http fetch GET 200 https://registry.npmjs.org/lodash.isplainobject/-/lodash.isplainobject-4.0.6.tgz 1054ms (cache miss)
1415 http fetch GET 200 https://registry.npmjs.org/base64-js/-/base64-js-1.5.1.tgz 1044ms (cache miss)
1416 http fetch GET 200 https://registry.npmjs.org/ecdsa-sig-formatter/-/ecdsa-sig-formatter-1.0.11.tgz 1045ms (cache miss)
1417 http fetch GET 200 https://registry.npmjs.org/duplexify/-/duplexify-4.1.3.tgz 1032ms (cache miss)
1418 http fetch GET 200 https://registry.npmjs.org/async-retry/-/async-retry-1.3.3.tgz 1030ms (cache miss)
1419 http fetch GET 200 https://registry.npmjs.org/end-of-stream/-/end-of-stream-1.4.5.tgz 1039ms (cache miss)
1420 http fetch GET 200 https://registry.npmjs.org/@firebase/auth-interop-types/-/auth-interop-types-0.2.5.tgz 1027ms (cache miss)
1421 http fetch GET 200 https://registry.npmjs.org/tr46/-/tr46-0.0.3.tgz 1099ms (cache miss)
1422 http fetch GET 200 https://registry.npmjs.org/strnum/-/strnum-2.3.0.tgz 1050ms (cache miss)
1423 http fetch GET 200 https://registry.npmjs.org/extend/-/extend-3.0.2.tgz 1044ms (cache miss)
1424 http fetch GET 200 https://registry.npmjs.org/@firebase/app-check-interop-types/-/app-check-interop-types-0.3.4.tgz 1033ms (cache miss)
1425 http fetch GET 200 https://registry.npmjs.org/dunder-proto/-/dunder-proto-1.0.1.tgz 1105ms (cache miss)
1426 http fetch GET 200 https://registry.npmjs.org/@firebase/database-types/-/database-types-1.0.20.tgz 1038ms (cache miss)
1427 http fetch GET 200 https://registry.npmjs.org/agent-base/-/agent-base-6.0.2.tgz 1035ms (cache miss)
1428 http fetch GET 200 https://registry.npmjs.org/functional-red-black-tree/-/functional-red-black-tree-1.0.1.tgz 1051ms (cache miss)
1429 http fetch GET 200 https://registry.npmjs.org/@tootallnate/once/-/once-2.0.1.tgz 1119ms (cache miss)
1430 http fetch GET 200 https://registry.npmjs.org/node-fetch/-/node-fetch-2.7.0.tgz 1075ms (cache miss)
1431 http fetch GET 200 https://registry.npmjs.org/https-proxy-agent/-/https-proxy-agent-5.0.1.tgz 1048ms (cache miss)
1432 http fetch GET 200 https://registry.npmjs.org/yargs-parser/-/yargs-parser-21.1.1.tgz 1133ms (cache miss)
1433 http fetch GET 200 https://registry.npmjs.org/get-intrinsic/-/get-intrinsic-1.3.0.tgz 1117ms (cache miss)
1434 http fetch GET 200 https://registry.npmjs.org/fast-deep-equal/-/fast-deep-equal-3.1.3.tgz 1063ms (cache miss)
1435 http fetch GET 200 https://registry.npmjs.org/long/-/long-5.3.2.tgz 1100ms (cache miss)
1436 http fetch GET 200 https://registry.npmjs.org/jws/-/jws-4.0.1.tgz 1098ms (cache miss)
1437 http fetch GET 200 https://registry.npmjs.org/@google-cloud/paginator/-/paginator-5.0.2.tgz 1083ms (cache miss)
1438 http fetch GET 200 https://registry.npmjs.org/uuid 915ms (cache miss)
1439 silly packumentCache corgi:https://registry.npmjs.org/uuid set size:undefined disposed:false
1440 http fetch GET 200 https://registry.npmjs.org/websocket-extensions/-/websocket-extensions-0.1.4.tgz 1154ms (cache miss)
1441 http fetch GET 200 https://registry.npmjs.org/has-symbols/-/has-symbols-1.1.0.tgz 1152ms (cache miss)
1442 http fetch GET 200 https://registry.npmjs.org/agent-base/-/agent-base-7.1.4.tgz 1118ms (cache miss)
1443 http fetch GET 200 https://registry.npmjs.org/tslib/-/tslib-2.8.1.tgz 1093ms (cache miss)
1444 http fetch GET 200 https://registry.npmjs.org/event-target-shim/-/event-target-shim-5.0.1.tgz 1116ms (cache miss)
1445 http fetch GET 200 https://registry.npmjs.org/mime/-/mime-3.0.0.tgz 1115ms (cache miss)
1446 http fetch GET 200 https://registry.npmjs.org/form-data/-/form-data-2.5.5.tgz 1170ms (cache miss)
1447 http fetch GET 200 https://registry.npmjs.org/jsonwebtoken/-/jsonwebtoken-9.0.3.tgz 1114ms (cache miss)
1448 http fetch GET 200 https://registry.npmjs.org/asynckit/-/asynckit-0.4.0.tgz 1182ms (cache miss)
1449 http fetch GET 200 https://registry.npmjs.org/math-intrinsics/-/math-intrinsics-1.1.0.tgz 1194ms (cache miss)
1450 http fetch GET 200 https://registry.npmjs.org/gcp-metadata/-/gcp-metadata-8.1.2.tgz 1152ms (cache miss)
1451 http fetch GET 200 https://registry.npmjs.org/@nodable/entities/-/entities-2.1.1.tgz 1148ms (cache miss)
1452 http fetch GET 200 https://registry.npmjs.org/agent-base/-/agent-base-6.0.2.tgz 1122ms (cache miss)
1453 http fetch GET 200 https://registry.npmjs.org/fast-xml-builder/-/fast-xml-builder-1.2.0.tgz 1149ms (cache miss)
1454 http fetch GET 200 https://registry.npmjs.org/gcp-metadata/-/gcp-metadata-6.1.1.tgz 1118ms (cache miss)
1455 http fetch GET 200 https://registry.npmjs.org/gcp-metadata/-/gcp-metadata-6.1.1.tgz 1121ms (cache miss)
1456 silly packumentCache corgi:https://registry.npmjs.org/@google-cloud%2fstorage cache-miss
1457 silly packumentCache corgi:https://registry.npmjs.org/gaxios cache-miss
1458 silly packumentCache corgi:https://registry.npmjs.org/google-gax cache-miss
1459 silly packumentCache corgi:https://registry.npmjs.org/teeny-request cache-miss
1460 http fetch GET 200 https://registry.npmjs.org/abort-controller/-/abort-controller-3.0.0.tgz 1145ms (cache miss)
1461 http fetch GET 200 https://registry.npmjs.org/faye-websocket/-/faye-websocket-0.11.4.tgz 1142ms (cache miss)
1462 http fetch GET 200 https://registry.npmjs.org/@grpc/proto-loader/-/proto-loader-0.7.15.tgz 1166ms (cache miss)
1463 http fetch GET 200 https://registry.npmjs.org/teeny-request/-/teeny-request-9.0.0.tgz 1155ms (cache miss)
1464 http fetch GET 200 https://registry.npmjs.org/path-expression-matcher/-/path-expression-matcher-1.5.0.tgz 1168ms (cache miss)
1465 http fetch GET 200 https://registry.npmjs.org/@grpc/proto-loader/-/proto-loader-0.8.1.tgz 1161ms (cache miss)
1466 http fetch GET 200 https://registry.npmjs.org/bignumber.js/-/bignumber.js-9.3.1.tgz 1200ms (cache miss)
1467 http fetch GET 200 https://registry.npmjs.org/google-logging-utils/-/google-logging-utils-1.1.3.tgz 1199ms (cache miss)
1468 http fetch GET 200 https://registry.npmjs.org/@firebase/logger/-/logger-0.5.1.tgz 1183ms (cache miss)
1469 http fetch GET 200 https://registry.npmjs.org/node-fetch/-/node-fetch-3.3.2.tgz 1188ms (cache miss)
1470 http fetch GET 200 https://registry.npmjs.org/google-logging-utils/-/google-logging-utils-0.0.2.tgz 1185ms (cache miss)
1471 http fetch GET 200 https://registry.npmjs.org/farmhash-modern/-/farmhash-modern-1.1.0.tgz 1194ms (cache miss)
1472 http fetch GET 200 https://registry.npmjs.org/google-logging-utils/-/google-logging-utils-0.0.2.tgz 1185ms (cache miss)
1473 http fetch GET 200 https://registry.npmjs.org/node-fetch/-/node-fetch-3.3.2.tgz 1190ms (cache miss)
1474 http fetch GET 200 https://registry.npmjs.org/undici-types/-/undici-types-7.24.6.tgz 1248ms (cache miss)
1475 http fetch GET 200 https://registry.npmjs.org/lru-memoizer/-/lru-memoizer-2.3.0.tgz 1259ms (cache miss)
1476 warn deprecated node-domexception@1.0.0: Use your platform's native DOMException instead
1477 http fetch GET 200 https://registry.npmjs.org/@fastify/busboy/-/busboy-3.2.0.tgz 1224ms (cache miss)
1478 http fetch GET 200 https://registry.npmjs.org/@js-sdsl/ordered-map/-/ordered-map-4.4.2.tgz 1267ms (cache miss)
1479 http fetch GET 200 https://registry.npmjs.org/jwks-rsa/-/jwks-rsa-3.2.2.tgz 1241ms (cache miss)
1480 http fetch GET 200 https://registry.npmjs.org/gaxios/-/gaxios-6.7.1.tgz 1257ms (cache miss)
1481 http fetch GET 200 https://registry.npmjs.org/websocket-driver/-/websocket-driver-0.7.4.tgz 1270ms (cache miss)
1482 http fetch GET 200 https://registry.npmjs.org/teeny-request 114ms (cache miss)
1483 silly packumentCache corgi:https://registry.npmjs.org/teeny-request set size:undefined disposed:false
1484 http fetch GET 200 https://registry.npmjs.org/gaxios 120ms (cache miss)
1485 silly packumentCache corgi:https://registry.npmjs.org/gaxios set size:undefined disposed:false
1486 http fetch GET 200 https://registry.npmjs.org/@firebase/component/-/component-0.7.3.tgz 1284ms (cache miss)
1487 http fetch GET 200 https://registry.npmjs.org/readable-stream/-/readable-stream-3.6.2.tgz 1302ms (cache miss)
1488 http fetch GET 200 https://registry.npmjs.org/@google-cloud%2fstorage 219ms (cache miss)
1489 silly packumentCache corgi:https://registry.npmjs.org/@google-cloud%2fstorage set size:undefined disposed:false
1490 http fetch GET 200 https://registry.npmjs.org/semver/-/semver-7.8.1.tgz 1398ms (cache miss)
1491 http fetch GET 200 https://registry.npmjs.org/html-entities/-/html-entities-2.6.0.tgz 1380ms (cache miss)
1492 http fetch GET 200 https://registry.npmjs.org/google-gax 251ms (cache miss)
1493 silly packumentCache corgi:https://registry.npmjs.org/google-gax set size:undefined disposed:false
1494 silly packumentCache corgi:https://registry.npmjs.org/google-auth-library cache-miss
1495 silly packumentCache corgi:https://registry.npmjs.org/gcp-metadata cache-miss
1496 silly packumentCache corgi:https://registry.npmjs.org/gtoken cache-miss
1497 http fetch GET 200 https://registry.npmjs.org/proto3-json-serializer/-/proto3-json-serializer-2.0.2.tgz 1471ms (cache miss)
1498 http fetch GET 200 https://registry.npmjs.org/yargs/-/yargs-17.7.2.tgz 1510ms (cache miss)
1499 http fetch GET 200 https://registry.npmjs.org/gcp-metadata 79ms (cache miss)
1500 silly packumentCache corgi:https://registry.npmjs.org/gcp-metadata set size:undefined disposed:false
1501 http fetch GET 200 https://registry.npmjs.org/gtoken 85ms (cache miss)
1502 silly packumentCache corgi:https://registry.npmjs.org/gtoken set size:undefined disposed:false
1503 http fetch GET 200 https://registry.npmjs.org/google-auth-library 112ms (cache miss)
1504 silly packumentCache corgi:https://registry.npmjs.org/google-auth-library set size:undefined disposed:false
1505 http fetch GET 200 https://registry.npmjs.org/uuid/-/uuid-8.3.2.tgz 1550ms (cache miss)
1506 warn deprecated uuid@8.3.2: uuid@10 and below is no longer supported.  For ESM codebases, update to uuid@latest.  For CommonJS codebases, use uuid@11 (but be aware this version will likely be deprecated in 2028).
1507 silly packumentCache corgi:https://registry.npmjs.org/retry-request cache-miss
1508 http fetch GET 200 https://registry.npmjs.org/uuid/-/uuid-9.0.1.tgz 1587ms (cache miss)
1509 http fetch GET 200 https://registry.npmjs.org/fast-xml-parser/-/fast-xml-parser-5.8.0.tgz 1606ms (cache miss)
1510 warn deprecated uuid@9.0.1: uuid@10 and below is no longer supported.  For ESM codebases, update to uuid@latest.  For CommonJS codebases, use uuid@11 (but be aware this version will likely be deprecated in 2028).
1511 http fetch GET 200 https://registry.npmjs.org/uuid/-/uuid-9.0.1.tgz 1589ms (cache miss)
1512 warn deprecated uuid@9.0.1: uuid@10 and below is no longer supported.  For ESM codebases, update to uuid@latest.  For CommonJS codebases, use uuid@11 (but be aware this version will likely be deprecated in 2028).
1513 http fetch GET 200 https://registry.npmjs.org/uuid/-/uuid-9.0.1.tgz 1597ms (cache miss)
1514 warn deprecated uuid@9.0.1: uuid@10 and below is no longer supported.  For ESM codebases, update to uuid@latest.  For CommonJS codebases, use uuid@11 (but be aware this version will likely be deprecated in 2028).
1515 http fetch GET 200 https://registry.npmjs.org/@types/node/-/node-25.9.1.tgz 1674ms (cache miss)
1516 http fetch GET 200 https://registry.npmjs.org/retry-request 82ms (cache miss)
1517 silly packumentCache corgi:https://registry.npmjs.org/retry-request set size:undefined disposed:false
1518 silly packumentCache corgi:https://registry.npmjs.org/firebase-admin cache-miss
1519 http fetch GET 200 https://registry.npmjs.org/firebase-admin 66ms (cache miss)
1520 silly packumentCache corgi:https://registry.npmjs.org/firebase-admin set size:undefined disposed:false
1521 silly packumentCache corgi:https://registry.npmjs.org/@google-cloud%2ffirestore cache-miss
1522 http fetch GET 200 https://registry.npmjs.org/protobufjs/-/protobufjs-7.6.2.tgz 1789ms (cache miss)
1523 http fetch GET 200 https://registry.npmjs.org/gaxios/-/gaxios-7.1.4.tgz 1814ms (cache miss)
1524 http fetch GET 200 https://registry.npmjs.org/google-auth-library/-/google-auth-library-9.15.1.tgz 1818ms (cache miss)
1525 http fetch GET 200 https://registry.npmjs.org/gaxios/-/gaxios-7.1.4.tgz 1823ms (cache miss)
1526 http fetch GET 200 https://registry.npmjs.org/@firebase/database-compat/-/database-compat-2.1.4.tgz 1841ms (cache miss)
1527 http fetch GET 200 https://registry.npmjs.org/google-auth-library/-/google-auth-library-9.15.1.tgz 1838ms (cache miss)
1528 http fetch GET 200 https://registry.npmjs.org/@firebase/util/-/util-1.15.1.tgz 1852ms (cache miss)
1529 http fetch GET 200 https://registry.npmjs.org/@google-cloud%2ffirestore 99ms (cache miss)
1530 silly packumentCache corgi:https://registry.npmjs.org/@google-cloud%2ffirestore set size:undefined disposed:false
1531 http fetch GET 200 https://registry.npmjs.org/google-auth-library/-/google-auth-library-10.6.2.tgz 1944ms (cache miss)
1532 http fetch GET 200 https://registry.npmjs.org/@google-cloud/storage/-/storage-7.19.0.tgz 1949ms (cache miss)
1533 http fetch GET 200 https://registry.npmjs.org/web-streams-polyfill/-/web-streams-polyfill-3.3.3.tgz 2053ms (cache miss)
1534 http fetch GET 200 https://registry.npmjs.org/firebase-admin/-/firebase-admin-13.10.0.tgz 2084ms (cache miss)
1535 http fetch GET 200 https://registry.npmjs.org/@google-cloud/firestore/-/firestore-7.11.6.tgz 2212ms (cache miss)
1536 http fetch GET 200 https://registry.npmjs.org/jose/-/jose-4.15.9.tgz 2358ms (cache miss)
1537 http fetch GET 200 https://registry.npmjs.org/@firebase/database/-/database-1.1.3.tgz 2324ms (cache miss)
1538 http fetch GET 200 https://registry.npmjs.org/google-gax/-/google-gax-4.6.1.tgz 2393ms (cache miss)
1539 http fetch GET 200 https://registry.npmjs.org/@opentelemetry/api/-/api-1.9.1.tgz 2456ms (cache miss)
1540 http fetch GET 200 https://registry.npmjs.org/@grpc/grpc-js/-/grpc-js-1.14.4.tgz 2547ms (cache miss)
1541 info run @firebase/util@1.15.1 postinstall node_modules/@firebase/util node ./postinstall.js
1542 info run protobufjs@7.6.2 postinstall node_modules/protobufjs node scripts/postinstall
1543 info run @firebase/util@1.15.1 postinstall { code: 0, signal: null }
1544 info run protobufjs@7.6.2 postinstall { code: 0, signal: null }
1545 silly ADD node_modules/web-streams-polyfill
1546 silly ADD node_modules/node-domexception
1547 silly ADD node_modules/formdata-polyfill
1548 silly ADD node_modules/fetch-blob
1549 silly ADD node_modules/data-uri-to-buffer
1550 silly ADD node_modules/gtoken
1551 silly ADD node_modules/color-name
1552 silly ADD node_modules/color-convert
1553 silly ADD node_modules/ansi-styles
1554 silly ADD node_modules/ansi-regex
1555 silly ADD node_modules/is-fullwidth-code-point
1556 silly ADD node_modules/emoji-regex
1557 silly ADD node_modules/wrap-ansi
1558 silly ADD node_modules/strip-ansi
1559 silly ADD node_modules/yargs-parser
1560 silly ADD node_modules/y18n
1561 silly ADD node_modules/string-width
1562 silly ADD node_modules/require-directory
1563 silly ADD node_modules/get-caller-file
1564 silly ADD node_modules/escalade
1565 silly ADD node_modules/cliui
1566 silly ADD node_modules/webidl-conversions
1567 silly ADD node_modules/tr46
1568 silly ADD node_modules/websocket-extensions
1569 silly ADD node_modules/http-parser-js
1570 silly ADD node_modules/stubs
1571 silly ADD node_modules/@tootallnate/once
1572 silly ADD node_modules/stream-events
1573 silly ADD node_modules/http-proxy-agent
1574 silly ADD node_modules/http-proxy-agent/node_modules/agent-base
1575 silly ADD node_modules/mime-db
1576 silly ADD node_modules/dunder-proto
1577 silly ADD node_modules/math-intrinsics
1578 silly ADD node_modules/has-symbols
1579 silly ADD node_modules/gopd
1580 silly ADD node_modules/get-proto
1581 silly ADD node_modules/function-bind
1582 silly ADD node_modules/es-object-atoms
1583 silly ADD node_modules/es-define-property
1584 silly ADD node_modules/call-bind-apply-helpers
1585 silly ADD node_modules/has-tostringtag
1586 silly ADD node_modules/get-intrinsic
1587 silly ADD node_modules/es-errors
1588 silly ADD node_modules/delayed-stream
1589 silly ADD node_modules/mime-types
1590 silly ADD node_modules/hasown
1591 silly ADD node_modules/es-set-tostringtag
1592 silly ADD node_modules/combined-stream
1593 silly ADD node_modules/asynckit
1594 silly ADD node_modules/form-data
1595 silly ADD node_modules/@types/tough-cookie
1596 silly ADD node_modules/@types/caseless
1597 silly ADD node_modules/@types/request
1598 silly ADD node_modules/util-deprecate
1599 silly ADD node_modules/string_decoder
1600 silly ADD node_modules/@protobufjs/utf8
1601 silly ADD node_modules/@protobufjs/pool
1602 silly ADD node_modules/@protobufjs/path
1603 silly ADD node_modules/@protobufjs/inquire
1604 silly ADD node_modules/@protobufjs/float
1605 silly ADD node_modules/@protobufjs/fetch
1606 silly ADD node_modules/@protobufjs/eventemitter
1607 silly ADD node_modules/@protobufjs/codegen
1608 silly ADD node_modules/@protobufjs/base64
1609 silly ADD node_modules/@protobufjs/aspromise
1610 silly ADD node_modules/yocto-queue
1611 silly ADD node_modules/wrappy
1612 silly ADD node_modules/whatwg-url
1613 silly ADD node_modules/yallist
1614 silly ADD node_modules/lru-cache
1615 silly ADD node_modules/lodash.clonedeep
1616 silly ADD node_modules/buffer-equal-constant-time
1617 silly ADD node_modules/jwa
1618 silly ADD node_modules/undici-types
1619 silly ADD node_modules/@types/node
1620 silly ADD node_modules/@types/ms
1621 silly ADD node_modules/lru-memoizer
1622 silly ADD node_modules/limiter
1623 silly ADD node_modules/jose
1624 silly ADD node_modules/@types/jsonwebtoken
1625 silly ADD node_modules/semver
1626 silly ADD node_modules/lodash.once
1627 silly ADD node_modules/lodash.isstring
1628 silly ADD node_modules/lodash.isplainobject
1629 silly ADD node_modules/lodash.isnumber
1630 silly ADD node_modules/lodash.isinteger
1631 silly ADD node_modules/lodash.isboolean
1632 silly ADD node_modules/lodash.includes
1633 silly ADD node_modules/bignumber.js
1634 silly ADD node_modules/ms
1635 silly ADD node_modules/debug
1636 silly ADD node_modules/agent-base
1637 silly ADD node_modules/yargs
1638 silly ADD node_modules/long
1639 silly ADD node_modules/lodash.camelcase
1640 silly ADD node_modules/@js-sdsl/ordered-map
1641 silly ADD node_modules/proto3-json-serializer
1642 silly ADD node_modules/object-hash
1643 silly ADD node_modules/@types/long
1644 silly ADD node_modules/@grpc/proto-loader
1645 silly ADD node_modules/@grpc/grpc-js
1646 silly ADD node_modules/@grpc/grpc-js/node_modules/@grpc/proto-loader
1647 silly ADD node_modules/json-bigint
1648 silly ADD node_modules/safe-buffer
1649 silly ADD node_modules/jws
1650 silly ADD node_modules/google-logging-utils
1651 silly ADD node_modules/gcp-metadata
1652 silly ADD node_modules/gcp-metadata/node_modules/node-fetch
1653 silly ADD node_modules/gcp-metadata/node_modules/gaxios
1654 silly ADD node_modules/ecdsa-sig-formatter
1655 silly ADD node_modules/base64-js
1656 silly ADD node_modules/node-fetch
1657 silly ADD node_modules/is-stream
1658 silly ADD node_modules/https-proxy-agent
1659 silly ADD node_modules/websocket-driver
1660 silly ADD node_modules/xml-naming
1661 silly ADD node_modules/strnum
1662 silly ADD node_modules/path-expression-matcher
1663 silly ADD node_modules/fast-xml-builder
1664 silly ADD node_modules/@nodable/entities
1665 silly ADD node_modules/once
1666 silly ADD node_modules/stream-shift
1667 silly ADD node_modules/readable-stream
1668 silly ADD node_modules/inherits
1669 silly ADD node_modules/end-of-stream
1670 silly ADD node_modules/retry
1671 silly ADD node_modules/event-target-shim
1672 silly ADD node_modules/extend
1673 silly ADD node_modules/arrify
1674 silly ADD node_modules/uuid
1675 silly ADD node_modules/teeny-request
1676 silly ADD node_modules/teeny-request/node_modules/agent-base
1677 silly ADD node_modules/teeny-request/node_modules/uuid
1678 silly ADD node_modules/teeny-request/node_modules/https-proxy-agent
1679 silly ADD node_modules/retry-request
1680 silly ADD node_modules/p-limit
1681 silly ADD node_modules/mime
1682 silly ADD node_modules/html-entities
1683 silly ADD node_modules/gaxios
1684 silly ADD node_modules/gaxios/node_modules/uuid
1685 silly ADD node_modules/fast-xml-parser
1686 silly ADD node_modules/duplexify
1687 silly ADD node_modules/async-retry
1688 silly ADD node_modules/abort-controller
1689 silly ADD node_modules/@google-cloud/promisify
1690 silly ADD node_modules/@google-cloud/projectify
1691 silly ADD node_modules/@google-cloud/paginator
1692 silly ADD node_modules/protobufjs
1693 silly ADD node_modules/google-gax
1694 silly ADD node_modules/google-gax/node_modules/google-logging-utils
1695 silly ADD node_modules/google-gax/node_modules/gcp-metadata
1696 silly ADD node_modules/google-gax/node_modules/uuid
1697 silly ADD node_modules/google-gax/node_modules/google-auth-library
1698 silly ADD node_modules/functional-red-black-tree
1699 silly ADD node_modules/@opentelemetry/api
1700 silly ADD node_modules/@firebase/app-types
1701 silly ADD node_modules/faye-websocket
1702 silly ADD node_modules/@firebase/auth-interop-types
1703 silly ADD node_modules/@firebase/app-check-interop-types
1704 silly ADD node_modules/tslib
1705 silly ADD node_modules/@firebase/util
1706 silly ADD node_modules/@firebase/logger
1707 silly ADD node_modules/@firebase/database
1708 silly ADD node_modules/@firebase/component
1709 silly ADD node_modules/jwks-rsa
1710 silly ADD node_modules/jsonwebtoken
1711 silly ADD node_modules/google-auth-library
1712 silly ADD node_modules/google-auth-library/node_modules/node-fetch
1713 silly ADD node_modules/google-auth-library/node_modules/gaxios
1714 silly ADD node_modules/fast-deep-equal
1715 silly ADD node_modules/farmhash-modern
1716 silly ADD node_modules/@google-cloud/storage
1717 silly ADD node_modules/@google-cloud/storage/node_modules/google-logging-utils
1718 silly ADD node_modules/@google-cloud/storage/node_modules/gcp-metadata
1719 silly ADD node_modules/@google-cloud/storage/node_modules/google-auth-library
1720 silly ADD node_modules/@google-cloud/firestore
1721 silly ADD node_modules/@firebase/database-types
1722 silly ADD node_modules/@firebase/database-compat
1723 silly ADD node_modules/@fastify/busboy
1724 silly ADD node_modules/firebase-admin
1725 verbose cwd /Users/shoheikaneko/Desktop/antigravity_かね将ポータル
1726 verbose os Darwin 24.6.0
1727 verbose node v24.14.0
1728 verbose npm  v11.9.0
1729 notice
1729 notice New minor version of npm available! 11.9.0 -> 11.16.0
1729 notice Changelog: https://github.com/npm/cli/releases/tag/v11.16.0
1729 notice To update run: npm install -g npm@11.16.0
1729 notice  { force: true, Symbol(proc-log.meta): true }
1730 verbose exit 0
1731 info ok
